"finalName","genus","family"
"Agapostemon texanus","Agapostemon","Halictidae"
"Agapostemon tyleri","Agapostemon","Halictidae"
"Andrena angustitarsata","Andrena","Andrenidae"
"Andrena prunorum","Andrena","Andrenidae"
"Anthidium edwardsii","Anthidium","Megachilidae"
"Anthophora neglecta","Anthophora","Apidae"
"Bombus caliginosus","Bombus","Apidae"
"Bombus crotchii","Bombus","Apidae"
"Bombus vosnesenskii","Bombus","Apidae"
"Ceratina tejonensis","Ceratina","Apidae"
"Coelioxys modestus","Coelioxys","Megachilidae"
"Colletes productus","Colletes","Colletidae"
"Colletes thysanellae","Colletes","Colletidae"
"Dianthidium parvum","Dianthidium","Megachilidae"
"Eucera edwardsii","Eucera","Apidae"
"Habropoda cineraria","Habropoda","Apidae"
"Habropoda laboriosa","Habropoda","Apidae"
"Halictus tripartitus","Halictus","Halictidae"
"Hoplitis sambuci","Hoplitis","Megachilidae"
"Lasioglossum incompletum","Lasioglossum","Halictidae"
"Lasioglossum miniatulum","Lasioglossum","Halictidae"
"Lasioglossum puteulanum","Lasioglossum","Halictidae"
"Martinapis luteicornis","Martinapis","Apidae"
"Megachile xylocopoides","Megachile","Megachilidae"
"Melissodes lupinus","Melissodes","Apidae"
"Osmia albolateralis","Osmia","Megachilidae"
"Osmia bruneri","Osmia","Megachilidae"
"Osmia granulosa","Osmia","Megachilidae"
"Osmia integra","Osmia","Megachilidae"
"Stelis montana","Stelis","Megachilidae"
"Xylocopa virginica","Xylocopa","Apidae"
"Agapostemon femoratus","Agapostemon","Halictidae"
"Agapostemon splendens","Agapostemon","Halictidae"
"Ancylandrena larreae","Ancylandrena","Andrenidae"
"Ancylandrena timberlakei","Ancylandrena","Andrenidae"
"Andrena accepta","Andrena","Andrenidae"
"Andrena atlantica","Andrena","Andrenidae"
"Andrena candida","Andrena","Andrenidae"
"Andrena cerasifolii","Andrena","Andrenidae"
"Andrena chlorogaster","Andrena","Andrenidae"
"Andrena crataegi","Andrena","Andrenidae"
"Andrena cressonii","Andrena","Andrenidae"
"Andrena fracta","Andrena","Andrenidae"
"Andrena imitatrix","Andrena","Andrenidae"
"Andrena krigiana","Andrena","Andrenidae"
"Andrena melanochroa","Andrena","Andrenidae"
"Andrena merriami","Andrena","Andrenidae"
"Andrena mesillae","Andrena","Andrenidae"
"Andrena miserabilis","Andrena","Andrenidae"
"Andrena neonana","Andrena","Andrenidae"
"Andrena pallidifovea","Andrena","Andrenidae"
"Andrena palpalis","Andrena","Andrenidae"
"Andrena piperi","Andrena","Andrenidae"
"Andrena principalis","Andrena","Andrenidae"
"Andrena scurra","Andrena","Andrenidae"
"Andrena transnigra","Andrena","Andrenidae"
"Anthidiellum notatum","Anthidiellum","Megachilidae"
"Anthidiellum perplexum","Anthidiellum","Megachilidae"
"Anthidium cockerelli","Anthidium","Megachilidae"
"Anthidium maculosum","Anthidium","Megachilidae"
"Anthidium palmarum","Anthidium","Megachilidae"
"Anthidium porterae","Anthidium","Megachilidae"
"Anthidium utahense","Anthidium","Megachilidae"
"Anthophora californica","Anthophora","Apidae"
"Anthophora centriformis","Anthophora","Apidae"
"Anthophora crotchii","Anthophora","Apidae"
"Anthophora curta","Anthophora","Apidae"
"Anthophora edwardsii","Anthophora","Apidae"
"Anthophora exigua","Anthophora","Apidae"
"Anthophora albata","Anthophora","Apidae"
"Anthophora hololeuca","Anthophora","Apidae"
"Anthophora montana","Anthophora","Apidae"
"Anthophora pacifica","Anthophora","Apidae"
"Anthophora petrophila","Anthophora","Apidae"
"Anthophora porterae","Anthophora","Apidae"
"Anthophora terminalis","Anthophora","Apidae"
"Anthophora urbana","Anthophora","Apidae"
"Anthophora vannigera","Anthophora","Apidae"
"Anthophorula compactula","Anthophorula","Apidae"
"Ashmeadiella breviceps","Ashmeadiella","Megachilidae"
"Ashmeadiella bucconis","Ashmeadiella","Megachilidae"
"Ashmeadiella californica","Ashmeadiella","Megachilidae"
"Ashmeadiella clypeodentata","Ashmeadiella","Megachilidae"
"Ashmeadiella foveata","Ashmeadiella","Megachilidae"
"Ashmeadiella gillettei","Ashmeadiella","Megachilidae"
"Ashmeadiella leucozona","Ashmeadiella","Megachilidae"
"Ashmeadiella opuntiae","Ashmeadiella","Megachilidae"
"Augochlorella aurata","Augochlorella","Halictidae"
"Augochlorella gratiosa","Augochlorella","Halictidae"
"Augochlorella neglectula","Augochlorella","Halictidae"
"Augochloropsis anonyma","Augochloropsis","Halictidae"
"Augochloropsis metallica","Augochloropsis","Halictidae"
"Augochloropsis sumptuosa","Augochloropsis","Halictidae"
"Bombus appositus","Bombus","Apidae"
"Bombus vancouverensis","Bombus","Apidae"
"Bombus californicus","Bombus","Apidae"
"Bombus centralis","Bombus","Apidae"
"Bombus fervidus","Bombus","Apidae"
"Bombus flavifrons","Bombus","Apidae"
"Bombus fraternus","Bombus","Apidae"
"Bombus griseocollis","Bombus","Apidae"
"Bombus huntii","Bombus","Apidae"
"Bombus impatiens","Bombus","Apidae"
"Bombus melanopygus","Bombus","Apidae"
"Bombus mixtus","Bombus","Apidae"
"Bombus morrisoni","Bombus","Apidae"
"Bombus nevadensis","Bombus","Apidae"
"Bombus occidentalis","Bombus","Apidae"
"Bombus sonorus","Bombus","Apidae"
"Bombus pensylvanicus","Bombus","Apidae"
"Bombus rufocinctus","Bombus","Apidae"
"Bombus sitkensis","Bombus","Apidae"
"Bombus vandykei","Bombus","Apidae"
"Bombus variabilis","Bombus","Apidae"
"Calliopsis callops","Calliopsis","Andrenidae"
"Calliopsis fracta","Calliopsis","Andrenidae"
"Calliopsis helianthi","Calliopsis","Andrenidae"
"Calliopsis puellae","Calliopsis","Andrenidae"
"Calliopsis rozeni","Calliopsis","Andrenidae"
"Calliopsis subalpina","Calliopsis","Andrenidae"
"Centris atripes","Centris","Apidae"
"Centris cockerelli","Centris","Apidae"
"Centris hoffmanseggiae","Centris","Apidae"
"Centris pallida","Centris","Apidae"
"Centris rhodopus","Centris","Apidae"
"Ceratina acantha","Ceratina","Apidae"
"Ceratina apacheorum","Ceratina","Apidae"
"Ceratina arizonensis","Ceratina","Apidae"
"Ceratina nanula","Ceratina","Apidae"
"Ceratina pacifica","Ceratina","Apidae"
"Coelioxys dolichos","Coelioxys","Megachilidae"
"Coelioxys germanus","Coelioxys","Megachilidae"
"Coelioxys hirsutissimus","Coelioxys","Megachilidae"
"Coelioxys mexicanus","Coelioxys","Megachilidae"
"Coelioxys octodentatus","Coelioxys","Megachilidae"
"Coelioxys rufitarsis","Coelioxys","Megachilidae"
"Coelioxys sayi","Coelioxys","Megachilidae"
"Coelioxys texanus","Coelioxys","Megachilidae"
"Colletes banksi","Colletes","Colletidae"
"Colletes brimleyi","Colletes","Colletidae"
"Colletes cercidii","Colletes","Colletidae"
"Colletes clypeonitens","Colletes","Colletidae"
"Colletes consors","Colletes","Colletidae"
"Colletes covilleae","Colletes","Colletidae"
"Colletes fulgidus","Colletes","Colletidae"
"Colletes hyalinus","Colletes","Colletidae"
"Colletes larreae","Colletes","Colletidae"
"Colletes louisae","Colletes","Colletidae"
"Colletes lutzi","Colletes","Colletidae"
"Colletes mandibularis","Colletes","Colletidae"
"Colletes nudus","Colletes","Colletidae"
"Colletes perileucus","Colletes","Colletidae"
"Colletes phaceliae","Colletes","Colletidae"
"Colletes salicicola","Colletes","Colletidae"
"Colletes simulans","Colletes","Colletidae"
"Colletes stepheni","Colletes","Colletidae"
"Colletes wootoni","Colletes","Colletidae"
"Conanthalictus bakeri","Conanthalictus","Halictidae"
"Diadasia afflictula","Diadasia","Apidae"
"Diadasia australis","Diadasia","Apidae"
"Diadasia bituberculata","Diadasia","Apidae"
"Diadasia diminuta","Diadasia","Apidae"
"Diadasia enavata","Diadasia","Apidae"
"Diadasia lutzi","Diadasia","Apidae"
"Diadasia martialis","Diadasia","Apidae"
"Diadasia ochracea","Diadasia","Apidae"
"Diadasia rinconis","Diadasia","Apidae"
"Diadasia sphaeralcearum","Diadasia","Apidae"
"Diadasia tuberculifrons","Diadasia","Apidae"
"Diadasia vallicola","Diadasia","Apidae"
"Dianthidium curvatum","Dianthidium","Megachilidae"
"Dianthidium dubium","Dianthidium","Megachilidae"
"Dianthidium heterulkei","Dianthidium","Megachilidae"
"Dianthidium pudicum","Dianthidium","Megachilidae"
"Dianthidium subparvum","Dianthidium","Megachilidae"
"Dianthidium ulkei","Dianthidium","Megachilidae"
"Dieunomia heteropoda","Dieunomia","Halictidae"
"Dieunomia nevadensis","Dieunomia","Halictidae"
"Dioxys productus","Dioxys","Megachilidae"
"Dufourea mulleri","Dufourea","Halictidae"
"Dufourea pulchricornis","Dufourea","Halictidae"
"Dufourea trochantera","Dufourea","Halictidae"
"Epeolus canadensis","Epeolus","Apidae"
"Epeolus glabratus","Epeolus","Apidae"
"Epeolus mesillae","Epeolus","Apidae"
"Epeolus minimus","Epeolus","Apidae"
"Epeolus zonatus","Epeolus","Apidae"
"Eucera actuosa","Eucera","Apidae"
"Eucera albescens","Eucera","Apidae"
"Eucera fulvitarsis","Eucera","Apidae"
"Eucera quadricincta","Eucera","Apidae"
"Exomalopsis solani","Exomalopsis","Apidae"
"Habropoda depressa","Habropoda","Apidae"
"Habropoda morrisoni","Habropoda","Apidae"
"Habropoda tristissima","Habropoda","Apidae"
"Halictus confusus","Halictus","Halictidae"
"Halictus farinosus","Halictus","Halictidae"
"Halictus ligatus","Halictus","Halictidae"
"Halictus poeyi","Halictus","Halictidae"
"Halictus rubicundus","Halictus","Halictidae"
"Halictus virgatellus","Halictus","Halictidae"
"Heriades occidentalis","Heriades","Megachilidae"
"Heriades timberlakei","Heriades","Megachilidae"
"Heriades variolosa","Heriades","Megachilidae"
"Hesperapis fuchsi","Hesperapis","Melittidae"
"Hesperapis larreae","Hesperapis","Melittidae"
"Hesperapis regularis","Hesperapis","Melittidae"
"Hesperapis rhodocerata","Hesperapis","Melittidae"
"Holcopasites insoletus","Holcopasites","Apidae"
"Hoplitis albifrons","Hoplitis","Megachilidae"
"Hoplitis biscutellae","Hoplitis","Megachilidae"
"Hoplitis bullifacies","Hoplitis","Megachilidae"
"Hoplitis fulgida","Hoplitis","Megachilidae"
"Hoplitis grinnelli","Hoplitis","Megachilidae"
"Hoplitis hypocrita","Hoplitis","Megachilidae"
"Hoplitis plagiostoma","Hoplitis","Megachilidae"
"Hoplitis truncata","Hoplitis","Megachilidae"
"Hylaeus asininus","Hylaeus","Colletidae"
"Hylaeus basalis","Hylaeus","Colletidae"
"Hylaeus confluens","Hylaeus","Colletidae"
"Hylaeus episcopalis","Hylaeus","Colletidae"
"Hylaeus mesillae","Hylaeus","Colletidae"
"Hylaeus nunenmacheri","Hylaeus","Colletidae"
"Hylaeus punctatus","Hylaeus","Colletidae"
"Hylaeus wootoni","Hylaeus","Colletidae"
"Lasioglossum apopkense","Lasioglossum","Halictidae"
"Lasioglossum batya","Lasioglossum","Halictidae"
"Lasioglossum birkmanni","Lasioglossum","Halictidae"
"Lasioglossum coreopsis","Lasioglossum","Halictidae"
"Lasioglossum desertum","Lasioglossum","Halictidae"
"Lasioglossum floridanum","Lasioglossum","Halictidae"
"Lasioglossum hyalinum","Lasioglossum","Halictidae"
"Lasioglossum kincaidii","Lasioglossum","Halictidae"
"Lasioglossum marinum","Lasioglossum","Halictidae"
"Lasioglossum nelumbonis","Lasioglossum","Halictidae"
"Lasioglossum nymphale","Lasioglossum","Halictidae"
"Lasioglossum pacificum","Lasioglossum","Halictidae"
"Lasioglossum pavonotum","Lasioglossum","Halictidae"
"Lasioglossum pectorale","Lasioglossum","Halictidae"
"Lasioglossum petrellum","Lasioglossum","Halictidae"
"Lasioglossum reticulatum","Lasioglossum","Halictidae"
"Lasioglossum sisymbrii","Lasioglossum","Halictidae"
"Lasioglossum tarponense","Lasioglossum","Halictidae"
"Lasioglossum tegulare","Lasioglossum","Halictidae"
"Lasioglossum tegulariforme","Lasioglossum","Halictidae"
"Lasioglossum titusi","Lasioglossum","Halictidae"
"Macrotera arcuata","Macrotera","Andrenidae"
"Macrotera latior","Macrotera","Andrenidae"
"Macrotera mellea","Macrotera","Andrenidae"
"Megachile agustini","Megachile","Megachilidae"
"Megachile albitarsis","Megachile","Megachilidae"
"Megachile angelarum","Megachile","Megachilidae"
"Megachile apicalis","Megachile","Megachilidae"
"Megachile brevis","Megachile","Megachilidae"
"Megachile campanulae","Megachile","Megachilidae"
"Megachile casadae","Megachile","Megachilidae"
"Megachile chilopsidis","Megachile","Megachilidae"
"Megachile pusilla","Megachile","Megachilidae"
"Megachile coquilletti","Megachile","Megachilidae"
"Megachile discorhina","Megachile","Megachilidae"
"Megachile exilis","Megachile","Megachilidae"
"Megachile fidelis","Megachile","Megachilidae"
"Megachile frugalis","Megachile","Megachilidae"
"Megachile fucata","Megachile","Megachilidae"
"Megachile gemula","Megachile","Megachilidae"
"Megachile gentilis","Megachile","Megachilidae"
"Megachile georgica","Megachile","Megachilidae"
"Megachile inimica","Megachile","Megachilidae"
"Megachile lippiae","Megachile","Megachilidae"
"Megachile melanophaea","Megachile","Megachilidae"
"Megachile mendica","Megachile","Megachilidae"
"Megachile montivaga","Megachile","Megachilidae"
"Megachile nevadensis","Megachile","Megachilidae"
"Megachile newberryae","Megachile","Megachilidae"
"Megachile parallela","Megachile","Megachilidae"
"Megachile perihirta","Megachile","Megachilidae"
"Megachile policaris","Megachile","Megachilidae"
"Megachile relativa","Megachile","Megachilidae"
"Megachile rotundata","Megachile","Megachilidae"
"Megachile rubi","Megachile","Megachilidae"
"Megachile sidalceae","Megachile","Megachilidae"
"Megachile spinotulata","Megachile","Megachilidae"
"Megachile sublaurita","Megachile","Megachilidae"
"Megachile subexilis","Megachile","Megachilidae"
"Megachile texana","Megachile","Megachilidae"
"Megachile townsendiana","Megachile","Megachilidae"
"Melecta bohartorum","Melecta","Apidae"
"Melecta edwardsii","Melecta","Apidae"
"Melissodes bimatris","Melissodes","Apidae"
"Melissodes communis","Melissodes","Apidae"
"Melissodes fasciatellus","Melissodes","Apidae"
"Melissodes microstictus","Melissodes","Apidae"
"Melissodes pallidisignatus","Melissodes","Apidae"
"Melissodes paroselae","Melissodes","Apidae"
"Melissodes robustior","Melissodes","Apidae"
"Melissodes subillatus","Melissodes","Apidae"
"Melissodes tristis","Melissodes","Apidae"
"Nomada australis","Nomada","Apidae"
"Nomada pygmaea","Nomada","Apidae"
"Nomada texana","Nomada","Apidae"
"Nomia foxii","Nomia","Halictidae"
"Nomia maneei","Nomia","Halictidae"
"Nomia tetrazonata","Nomia","Halictidae"
"Osmia atrocyanea","Osmia","Megachilidae"
"Osmia melanopleura","Osmia","Megachilidae"
"Osmia brevis","Osmia","Megachilidae"
"Osmia bucephala","Osmia","Megachilidae"
"Osmia californica","Osmia","Megachilidae"
"Osmia calla","Osmia","Megachilidae"
"Osmia cerasi","Osmia","Megachilidae"
"Osmia coloradensis","Osmia","Megachilidae"
"Osmia cyanella","Osmia","Megachilidae"
"Osmia cyanopoda","Osmia","Megachilidae"
"Osmia densa","Osmia","Megachilidae"
"Osmia gaudiosa","Osmia","Megachilidae"
"Osmia grindeliae","Osmia","Megachilidae"
"Osmia juxta","Osmia","Megachilidae"
"Osmia lignaria","Osmia","Megachilidae"
"Osmia liogastra","Osmia","Megachilidae"
"Osmia nigrifrons","Osmia","Megachilidae"
"Osmia pentstemonis","Osmia","Megachilidae"
"Osmia nanula","Osmia","Megachilidae"
"Osmia prunorum","Osmia","Megachilidae"
"Osmia pusilla","Osmia","Megachilidae"
"Osmia raritatis","Osmia","Megachilidae"
"Osmia rawlinsi","Osmia","Megachilidae"
"Osmia ribifloris","Osmia","Megachilidae"
"Osmia sculleni","Osmia","Megachilidae"
"Osmia simillima","Osmia","Megachilidae"
"Osmia subaustralis","Osmia","Megachilidae"
"Osmia subfasciata","Osmia","Megachilidae"
"Osmia tersula","Osmia","Megachilidae"
"Osmia texana","Osmia","Megachilidae"
"Osmia trevoris","Osmia","Megachilidae"
"Osmia tristella","Osmia","Megachilidae"
"Perdita argemones","Perdita","Andrenidae"
"Perdita callicerata","Perdita","Andrenidae"
"Perdita covilleae","Perdita","Andrenidae"
"Perdita ignota","Perdita","Andrenidae"
"Perdita interrupta","Perdita","Andrenidae"
"Perdita lateralis","Perdita","Andrenidae"
"Perdita malacothricis","Perdita","Andrenidae"
"Perdita minima","Perdita","Andrenidae"
"Perdita punctulata","Perdita","Andrenidae"
"Perdita semicaerulea","Perdita","Andrenidae"
"Perdita sexmaculata","Perdita","Andrenidae"
"Perdita triangulifera","Perdita","Andrenidae"
"Perdita turgiceps","Perdita","Andrenidae"
"Protandrena mexicanorum","Protandrena","Andrenidae"
"Pseudopanurgus atricornis","Pseudopanurgus","Andrenidae"
"Pseudopanurgus bakeri","Pseudopanurgus","Andrenidae"
"Sphecodes heraclei","Sphecodes","Halictidae"
"Sphecodes pecosensis","Sphecodes","Halictidae"
"Sphecodes mandibularis","Sphecodes","Halictidae"
"Stelis elongativentris","Stelis","Megachilidae"
"Svastra obliqua","Svastra","Apidae"
"Svastra sabinensis","Svastra","Apidae"
"Tetraloniella eriocarpi","Tetraloniella","Apidae"
"Trachusa larreae","Trachusa","Megachilidae"
"Triepeolus grandis","Triepeolus","Apidae"
"Triepeolus helianthi","Triepeolus","Apidae"
"Triepeolus verbesinae","Triepeolus","Apidae"
"Brachymelecta californica","Brachymelecta","Apidae"
"Xylocopa californica","Xylocopa","Apidae"
"Xylocopa tabaniformis","Xylocopa","Apidae"
"Xylocopa sonorina","Xylocopa","Apidae"
"Andrena auricoma","Andrena","Andrenidae"
"Andrena fulvipennis","Andrena","Andrenidae"
"Andrena nigrocaerulea","Andrena","Andrenidae"
"Lasioglossum creberrimum","Lasioglossum","Halictidae"
"Lasioglossum tamiamense","Lasioglossum","Halictidae"
"Osmia cobaltina","Osmia","Megachilidae"
"Agapostemon melliventris","Agapostemon","Halictidae"
"Agapostemon obliquus","Agapostemon","Halictidae"
"Andrena apacheorum","Andrena","Andrenidae"
"Andrena caerulea","Andrena","Andrenidae"
"Andrena frigida","Andrena","Andrenidae"
"Andrena knuthiana","Andrena","Andrenidae"
"Andrena microchlora","Andrena","Andrenidae"
"Andrena sola","Andrena","Andrenidae"
"Andrena w-scripta","Andrena","Andrenidae"
"Anthidiellum ehrhorni","Anthidiellum","Megachilidae"
"Anthidiellum robertsoni","Anthidiellum","Megachilidae"
"Anthidium maculifrons","Anthidium","Megachilidae"
"Anthophora bomboides","Anthophora","Apidae"
"Anthophorula consobrina","Anthophorula","Apidae"
"Anthophorula rufiventris","Anthophorula","Apidae"
"Ashmeadiella aridula","Ashmeadiella","Megachilidae"
"Ashmeadiella cubiceps","Ashmeadiella","Megachilidae"
"Ashmeadiella occipitalis","Ashmeadiella","Megachilidae"
"Ashmeadiella rufipes","Ashmeadiella","Megachilidae"
"Ashmeadiella sonora","Ashmeadiella","Megachilidae"
"Ashmeadiella timberlakei","Ashmeadiella","Megachilidae"
"Atoposmia copelandica","Atoposmia","Megachilidae"
"Augochlorella pomoniella","Augochlorella","Halictidae"
"Bombus bimaculatus","Bombus","Apidae"
"Calliopsis anthidius","Calliopsis","Andrenidae"
"Calliopsis rhodophila","Calliopsis","Andrenidae"
"Ceratina punctigena","Ceratina","Apidae"
"Ceratina sequoiae","Ceratina","Apidae"
"Chelostoma californicum","Chelostoma","Megachilidae"
"Chelostoma cockerelli","Chelostoma","Megachilidae"
"Chelostoma incisulum","Chelostoma","Megachilidae"
"Chelostoma minutum","Chelostoma","Megachilidae"
"Chelostoma phaceliae","Chelostoma","Megachilidae"
"Coelioxys edita","Coelioxys","Megachilidae"
"Coelioxys moestus","Coelioxys","Megachilidae"
"Coelioxys novomexicanus","Coelioxys","Megachilidae"
"Colletes bryanti","Colletes","Colletidae"
"Colletes distinctus","Colletes","Colletidae"
"Colletes slevini","Colletes","Colletidae"
"Colletes thoracicus","Colletes","Colletidae"
"Diadasia laticauda","Diadasia","Apidae"
"Diadasia nigrifrons","Diadasia","Apidae"
"Diadasia nitidifrons","Diadasia","Apidae"
"Dieunomia micheneri","Dieunomia","Halictidae"
"Dioxys pacificus","Dioxys","Megachilidae"
"Dioxys pomonae","Dioxys","Megachilidae"
"Dufourea sandhouseae","Dufourea","Halictidae"
"Dufourea vernalis","Dufourea","Halictidae"
"Epeolus compactus","Epeolus","Apidae"
"Exomalopsis solidaginis","Exomalopsis","Apidae"
"Holcopasites arizonicus","Holcopasites","Apidae"
"Hoplitis howardi","Hoplitis","Megachilidae"
"Hoplitis jacintana","Hoplitis","Megachilidae"
"Hoplitis producta","Hoplitis","Megachilidae"
"Hylaeus leptocephalus","Hylaeus","Colletidae"
"Hylaeus calvus","Hylaeus","Colletidae"
"Hylaeus coloradensis","Hylaeus","Colletidae"
"Hylaeus granulatus","Hylaeus","Colletidae"
"Hylaeus nevadensis","Hylaeus","Colletidae"
"Hylaeus polifolii","Hylaeus","Colletidae"
"Hylaeus rudbeckiae","Hylaeus","Colletidae"
"Hylaeus verticalis","Hylaeus","Colletidae"
"Lasioglossum alachuense","Lasioglossum","Halictidae"
"Lasioglossum egregium","Lasioglossum","Halictidae"
"Lasioglossum foxii","Lasioglossum","Halictidae"
"Lasioglossum mellipes","Lasioglossum","Halictidae"
"Lasioglossum semicaeruleum","Lasioglossum","Halictidae"
"Macrotera portalis","Macrotera","Andrenidae"
"Megachile addenda","Megachile","Megachilidae"
"Megachile adelphodonta","Megachile","Megachilidae"
"Megachile centuncularis","Megachile","Megachilidae"
"Megachile lobatifrons","Megachile","Megachilidae"
"Megachile odontostoma","Megachile","Megachilidae"
"Megachile prosopidis","Megachile","Megachilidae"
"Megachile subnigra","Megachile","Megachilidae"
"Melecta separata","Melecta","Apidae"
"Melissodes bimaculatus","Melissodes","Apidae"
"Nomada edwardsii","Nomada","Apidae"
"Nomada gutierreziae","Nomada","Apidae"
"Nomia nortoni","Nomia","Halictidae"
"Osmia aglaia","Osmia","Megachilidae"
"Osmia cara","Osmia","Megachilidae"
"Osmia clarescens","Osmia","Megachilidae"
"Osmia gabrielis","Osmia","Megachilidae"
"Osmia glauca","Osmia","Megachilidae"
"Osmia kincaidii","Osmia","Megachilidae"
"Osmia laeta","Osmia","Megachilidae"
"Osmia latisulcata","Osmia","Megachilidae"
"Osmia montana","Osmia","Megachilidae"
"Osmia nemoris","Osmia","Megachilidae"
"Osmia paradisica","Osmia","Megachilidae"
"Osmia pikei","Osmia","Megachilidae"
"Osmia regulina","Osmia","Megachilidae"
"Osmia phenax","Osmia","Megachilidae"
"Perdita albovittata","Perdita","Andrenidae"
"Perdita bequaerti","Perdita","Andrenidae"
"Perdita claypolei","Perdita","Andrenidae"
"Perdita exclamans","Perdita","Andrenidae"
"Perdita larreae","Perdita","Andrenidae"
"Perdita marcialis","Perdita","Andrenidae"
"Perdita micheneri","Perdita","Andrenidae"
"Perdita punctosignata","Perdita","Andrenidae"
"Perdita rhois","Perdita","Andrenidae"
"Perdita stathamae","Perdita","Andrenidae"
"Pseudopanurgus aethiops","Pseudopanurgus","Andrenidae"
"Pseudopanurgus fraterculus","Pseudopanurgus","Andrenidae"
"Pseudopanurgus nanulus","Pseudopanurgus","Andrenidae"
"Pseudopanurgus pectidellus","Pseudopanurgus","Andrenidae"
"Stelis lateralis","Stelis","Megachilidae"
"Stelis perpulchra","Stelis","Megachilidae"
"Svastra duplocincta","Svastra","Apidae"
"Svastra machaerantherae","Svastra","Apidae"
"Svastra texana","Svastra","Apidae"
"Xylocopa micans","Xylocopa","Apidae"
"Agapostemon virescens","Agapostemon","Halictidae"
"Lasioglossum albipenne","Lasioglossum","Halictidae"
"Lasioglossum albohirtum","Lasioglossum","Halictidae"
"Osmia sandhouseae","Osmia","Megachilidae"
"Andrena argemonis","Andrena","Andrenidae"
"Andrena illinoiensis","Andrena","Andrenidae"
"Andrena prima","Andrena","Andrenidae"
"Andrena primulifrons","Andrena","Andrenidae"
"Andrena salicifloris","Andrena","Andrenidae"
"Andrena spiraeana","Andrena","Andrenidae"
"Anthidium paroselae","Anthidium","Megachilidae"
"Ashmeadiella bigeloviae","Ashmeadiella","Megachilidae"
"Ashmeadiella cactorum","Ashmeadiella","Megachilidae"
"Ashmeadiella meliloti","Ashmeadiella","Megachilidae"
"Augochlorella persimilis","Augochlorella","Halictidae"
"Calliopsis anomoptera","Calliopsis","Andrenidae"
"Calliopsis pectidis","Calliopsis","Andrenidae"
"Ceratina neomexicana","Ceratina","Apidae"
"Colletes skinneri","Colletes","Colletidae"
"Conanthalictus wilmattae","Conanthalictus","Halictidae"
"Epeolus interruptus","Epeolus","Apidae"
"Epeolus pusillus","Epeolus","Apidae"
"Eucera atriventris","Eucera","Apidae"
"Eucera frater","Eucera","Apidae"
"Heriades crucifera","Heriades","Megachilidae"
"Hylaeus conspicuus","Hylaeus","Colletidae"
"Lasioglossum longifrons","Lasioglossum","Halictidae"
"Lasioglossum mesillense","Lasioglossum","Halictidae"
"Lasioglossum perdifficile","Lasioglossum","Halictidae"
"Lasioglossum pruinosum","Lasioglossum","Halictidae"
"Megachile anograe","Megachile","Megachilidae"
"Megachile comata","Megachile","Megachilidae"
"Megachile davidsoni","Megachile","Megachilidae"
"Megachile onobrychidis","Megachile","Megachilidae"
"Megachile petulans","Megachile","Megachilidae"
"Megachile pugnata","Megachile","Megachilidae"
"Melissodes agilis","Melissodes","Apidae"
"Melissodes confusus","Melissodes","Apidae"
"Melissodes menuachus","Melissodes","Apidae"
"Melissodes rivalis","Melissodes","Apidae"
"Melissodes tepaneca","Melissodes","Apidae"
"Nomada suavis","Nomada","Apidae"
"Osmia ednae","Osmia","Megachilidae"
"Osmia inurbana","Osmia","Megachilidae"
"Osmia proxima","Osmia","Megachilidae"
"Perdita cladothricis","Perdita","Andrenidae"
"Trachusa timberlakei","Trachusa","Megachilidae"
"Triepeolus remigatus","Triepeolus","Apidae"
"Triepeolus robustus","Triepeolus","Apidae"
"Andrena astragali","Andrena","Andrenidae"
"Andrena milwaukeensis","Andrena","Andrenidae"
"Ashmeadiella femorata","Ashmeadiella","Megachilidae"
"Ashmeadiella rhodognatha","Ashmeadiella","Megachilidae"
"Ashmeadiella rubrella","Ashmeadiella","Megachilidae"
"Ashmeadiella xenomastax","Ashmeadiella","Megachilidae"
"Bombus insularis","Bombus","Apidae"
"Bombus suckleyi","Bombus","Apidae"
"Centris caesalpiniae","Centris","Apidae"
"Habropoda pallida","Habropoda","Apidae"
"Hoplitis mojavensis","Hoplitis","Megachilidae"
"Hoplitis robusta","Hoplitis","Megachilidae"
"Hylaeus cookii","Hylaeus","Colletidae"
"Lasioglossum microlepoides","Lasioglossum","Halictidae"
"Lasioglossum trizonatum","Lasioglossum","Halictidae"
"Megachile lanata","Megachile","Megachilidae"
"Megachile rugifrons","Megachile","Megachilidae"
"Melecta pacifica","Melecta","Apidae"
"Melecta thoracica","Melecta","Apidae"
"Melissodes comptoides","Melissodes","Apidae"
"Melissodes glenwoodensis","Melissodes","Apidae"
"Osmia marginata","Osmia","Megachilidae"
"Osmia unca","Osmia","Megachilidae"
"Perdita albipennis","Perdita","Andrenidae"
"Perdita mohavensis","Perdita","Andrenidae"
"Protandrena bancrofti","Protandrena","Andrenidae"
"Anthidium illustre","Anthidium","Megachilidae"
"Lasioglossum clematisellum","Lasioglossum","Halictidae"
"Stelis laticincta","Stelis","Megachilidae"
"Andrena nivalis","Andrena","Andrenidae"
"Anthidium emarginatum","Anthidium","Megachilidae"
"Anthidium mormonum","Anthidium","Megachilidae"
"Anthidium placitum","Anthidium","Megachilidae"
"Anthidium tenuiflorae","Anthidium","Megachilidae"
"Anthophora coptognatha","Anthophora","Apidae"
"Anthophora forbesi","Anthophora","Apidae"
"Ashmeadiella holtii","Ashmeadiella","Megachilidae"
"Calliopsis larreae","Calliopsis","Andrenidae"
"Colletes compactus","Colletes","Colletidae"
"Dianthidium platyurum","Dianthidium","Megachilidae"
"Lasioglossum diversopunctatum","Lasioglossum","Halictidae"
"Lasioglossum hudsoniellum","Lasioglossum","Halictidae"
"Lasioglossum nevadense","Lasioglossum","Halictidae"
"Martinapis occidentalis","Martinapis","Apidae"
"Nomada fervida","Nomada","Apidae"
"Perdita arenaria","Perdita","Andrenidae"
"Perdita coldeniae","Perdita","Andrenidae"
"Perdita trifasciata","Perdita","Andrenidae"
"Anthophora abrupta","Anthophora","Apidae"
"Andrena medionitens","Andrena","Andrenidae"
"Anthidium jocosum","Anthidium","Megachilidae"
"Anthophorula pygmaea","Anthophorula","Apidae"
"Ashmeadiella prosopidis","Ashmeadiella","Megachilidae"
"Atoposmia timberlakei","Atoposmia","Megachilidae"
"Bombus bifarius complex","Bombus","Apidae"
"Bombus fernaldae","Bombus","Apidae"
"Bombus sylvicola","Bombus","Apidae"
"Coelioxys hunteri","Coelioxys","Megachilidae"
"Colletes kincaidii","Colletes","Colletidae"
"Colletes sphaeralceae","Colletes","Colletidae"
"Dianthidium floridiense","Dianthidium","Megachilidae"
"Dianthidium implicatum","Dianthidium","Megachilidae"
"Heriades cressoni","Heriades","Megachilidae"
"Heriades leavitti","Heriades","Megachilidae"
"Hylaeus annulatus","Hylaeus","Colletidae"
"Hylaeus modestus","Hylaeus","Colletidae"
"Hylaeus schwarzii","Hylaeus","Colletidae"
"Hylaeus sejunctus","Hylaeus","Colletidae"
"Lasioglossum comulum","Lasioglossum","Halictidae"
"Lasioglossum fuscipenne","Lasioglossum","Halictidae"
"Lasioglossum hitchensi","Lasioglossum","Halictidae"
"Lasioglossum punctatoventre","Lasioglossum","Halictidae"
"Lasioglossum semibrunneum","Lasioglossum","Halictidae"
"Megachile inermis","Megachile","Megachilidae"
"Megachile pruina","Megachile","Megachilidae"
"Megachile snowi","Megachile","Megachilidae"
"Megachile xerophila","Megachile","Megachilidae"
"Melissodes compositus","Melissodes","Apidae"
"Melissodes limbus","Melissodes","Apidae"
"Neolarra californica","Neolarra","Apidae"
"Perdita aridella","Perdita","Andrenidae"
"Perdita bellula","Perdita","Andrenidae"
"Perdita diversa","Perdita","Andrenidae"
"Svastra aegis","Svastra","Apidae"
"Svastra atripes","Svastra","Apidae"
"Brachymelecta interrupta","Brachymelecta","Apidae"
"Andrena cuneilabris","Andrena","Andrenidae"
"Andrena cyanophila","Andrena","Andrenidae"
"Anthophora dammersi","Anthophora","Apidae"
"Dufourea malacothricis","Dufourea","Halictidae"
"Osmia chalybea","Osmia","Megachilidae"
"Andrena asteris","Andrena","Andrenidae"
"Andrena barbara","Andrena","Andrenidae"
"Andrena helianthi","Andrena","Andrenidae"
"Andrena impolita","Andrena","Andrenidae"
"Andrena miranda","Andrena","Andrenidae"
"Anthophora affabilis","Anthophora","Apidae"
"Anthophorula completa","Anthophorula","Apidae"
"Calliopsis australior","Calliopsis","Andrenidae"
"Ceratina dallatorreana","Ceratina","Apidae"
"Colletes latitarsis","Colletes","Colletidae"
"Eucera primiveris","Eucera","Apidae"
"Heriades micropthalma","Heriades","Megachilidae"
"Hesperapis laticeps","Hesperapis","Melittidae"
"Holcopasites stevensi","Holcopasites","Apidae"
"Lasioglossum amicum","Lasioglossum","Halictidae"
"Lasioglossum athabascense","Lasioglossum","Halictidae"
"Lasioglossum coactum","Lasioglossum","Halictidae"
"Lasioglossum heterorhinus","Lasioglossum","Halictidae"
"Lasioglossum impavidum","Lasioglossum","Halictidae"
"Lasioglossum occidentale","Lasioglossum","Halictidae"
"Lasioglossum pectoraloides","Lasioglossum","Halictidae"
"Lasioglossum texanum","Lasioglossum","Halictidae"
"Macrotera mortuaria","Macrotera","Andrenidae"
"Megachile frigida","Megachile","Megachilidae"
"Megachile latimanus","Megachile","Megachilidae"
"Megachile mucorosa","Megachile","Megachilidae"
"Megachile rossi","Megachile","Megachilidae"
"Melecta alexanderi","Melecta","Apidae"
"Melissodes gilensis","Melissodes","Apidae"
"Melissodes subagilis","Melissodes","Apidae"
"Neolarra vigilans","Neolarra","Apidae"
"Perdita asteris","Perdita","Andrenidae"
"Perdita bishoppi","Perdita","Andrenidae"
"Perdita elegans","Perdita","Andrenidae"
"Perdita koebelei","Perdita","Andrenidae"
"Perdita lenis","Perdita","Andrenidae"
"Perdita octomaculata","Perdita","Andrenidae"
"Perdita polytropica","Perdita","Andrenidae"
"Perdita rhodogastra","Perdita","Andrenidae"
"Perdita semicrocea","Perdita","Andrenidae"
"Sphecodes atlantis","Sphecodes","Halictidae"
"Triepeolus kathrynae","Triepeolus","Apidae"
"Xenoglossa strenua","Xenoglossa","Apidae"
"Xenoglossa angustior","Xenoglossa","Apidae"
"Andrena vicina","Andrena","Andrenidae"
"Anthidium clypeodentatum","Anthidium","Megachilidae"
"Anthophora lesquerellae","Anthophora","Apidae"
"Ashmeadiella erema","Ashmeadiella","Megachilidae"
"Bombus bifarius","Bombus","Apidae"
"Calliopsis andreniformis","Calliopsis","Andrenidae"
"Ceratina shinnersi","Ceratina","Apidae"
"Coelioxys sodalis","Coelioxys","Megachilidae"
"Colletes daleae","Colletes","Colletidae"
"Diadasia afflicta","Diadasia","Apidae"
"Eucera aragalli","Eucera","Apidae"
"Eucera lepida","Eucera","Apidae"
"Eucera territella","Eucera","Apidae"
"Lasioglossum lepidii","Lasioglossum","Halictidae"
"Lasioglossum morrilli","Lasioglossum","Halictidae"
"Lasioglossum ruidosense","Lasioglossum","Halictidae"
"Melissodes stearnsi","Melissodes","Apidae"
"Nomada vegana","Nomada","Apidae"
"Osmia cordata","Osmia","Megachilidae"
"Osmia iridis","Osmia","Megachilidae"
"Perdita coreopsidis","Perdita","Andrenidae"
"Sphecodes minor","Sphecodes","Halictidae"
"Agapostemon sericeus","Agapostemon","Halictidae"
"Anthophora ursina","Anthophora","Apidae"
"Coelioxys slossoni","Coelioxys","Megachilidae"
"Colletes gilensis","Colletes","Colletidae"
"Heriades carinata","Heriades","Megachilidae"
"Lasioglossum potosi","Lasioglossum","Halictidae"
"Perdita albonotata","Perdita","Andrenidae"
"Perdita mentzeliae","Perdita","Andrenidae"
"Lasioglossum sedi","Lasioglossum","Halictidae"
"Andrena rufosignata","Andrena","Andrenidae"
"Andrena topazana","Andrena","Andrenidae"
"Ashmeadiella vandykiella","Ashmeadiella","Megachilidae"
"Calliopsis chlorops","Calliopsis","Andrenidae"
"Colletes nigrifrons","Colletes","Colletidae"
"Dufourea maura","Dufourea","Halictidae"
"Lasioglossum anhypops","Lasioglossum","Halictidae"
"Lasioglossum cooleyi","Lasioglossum","Halictidae"
"Lasioglossum knereri","Lasioglossum","Halictidae"
"Lasioglossum marinense","Lasioglossum","Halictidae"
"Lasioglossum noctivaga","Lasioglossum","Halictidae"
"Lasioglossum pacatum","Lasioglossum","Halictidae"
"Lasioglossum prasinogaster","Lasioglossum","Halictidae"
"Lasioglossum tenax","Lasioglossum","Halictidae"
"Megachile pseudobrevis","Megachile","Megachilidae"
"Melissodes verbesinarum","Melissodes","Apidae"
"Osmia longula","Osmia","Megachilidae"
"Osmia marginipennis","Osmia","Megachilidae"
"Xylocopa mexicanorum","Xylocopa","Apidae"
"Centris nitida","Centris","Apidae"
"Ceratina cockerelli","Ceratina","Apidae"
"Ceratina dupla","Ceratina","Apidae"
"Epeolus lectoides","Epeolus","Apidae"
"Lasioglossum hunteri","Lasioglossum","Halictidae"
"Lasioglossum ovaliceps","Lasioglossum","Halictidae"
"Lasioglossum pallidellum","Lasioglossum","Halictidae"
"Lasioglossum sopinci","Lasioglossum","Halictidae"
"Triepeolus concavus","Triepeolus","Apidae"
"Halictus parallelus","Halictus","Halictidae"
"Lasioglossum megastictus","Lasioglossum","Halictidae"
"Megachile sculpturalis","Megachile","Megachilidae"
"Andrena confederata","Andrena","Andrenidae"
"Andrena ilicis","Andrena","Andrenidae"
"Anthidium manicatum","Anthidium","Megachilidae"
"Bombus vagans","Bombus","Apidae"
"Colletes speculiferus","Colletes","Colletidae"
"Dianthidium cressonii","Dianthidium","Megachilidae"
"Epeolus olympiellus","Epeolus","Apidae"
"Lasioglossum bruneri","Lasioglossum","Halictidae"
"Lasioglossum inconditum","Lasioglossum","Halictidae"
"Lasioglossum quebecense","Lasioglossum","Halictidae"
"Lasioglossum raleighense","Lasioglossum","Halictidae"
"Megachile mucida","Megachile","Megachilidae"
"Melissodes thelypodii","Melissodes","Apidae"
"Osmia caerulescens","Osmia","Megachilidae"
"Osmia taurus","Osmia","Megachilidae"
"Perdita boltoniae","Perdita","Andrenidae"
"Sphecodes autumnalis","Sphecodes","Halictidae"
"Triepeolus utahensis","Triepeolus","Apidae"
"Lasioglossum brunneiventre","Lasioglossum","Halictidae"
"Stelis louisae","Stelis","Megachilidae"
"Hylaeus floridanus","Hylaeus","Colletidae"
"Lasioglossum coriaceum","Lasioglossum","Halictidae"
"Osmia georgica","Osmia","Megachilidae"
"Andrena amphibola","Andrena","Andrenidae"
"Anthophora estebana","Anthophora","Apidae"
"Bombus frigidus","Bombus","Apidae"
"Ceratina diodonta","Ceratina","Apidae"
"Colletes americanus","Colletes","Colletidae"
"Lasioglossum callidum","Lasioglossum","Halictidae"
"Lasioglossum trigeminum","Lasioglossum","Halictidae"
"Megachile dentitarsus","Megachile","Megachilidae"
"Megachile mellitarsis","Megachile","Megachilidae"
"Megachile lapponica","Megachile","Megachilidae"
"Melissodes dentiventris","Melissodes","Apidae"
"Melissodes druriellus","Melissodes","Apidae"
"Nomada articulata","Nomada","Apidae"
"Perdita consobrina","Perdita","Andrenidae"
"Perdita halictoides","Perdita","Andrenidae"
"Triepeolus pectoralis","Triepeolus","Apidae"
"Xylocopa micheneri","Xylocopa","Apidae"
"Andrena mariae","Andrena","Andrenidae"
"Colletes birkmanni","Colletes","Colletidae"
"Dianthidium concinnum","Dianthidium","Megachilidae"
"Lasioglossum zephyrus","Lasioglossum","Halictidae"
"Pseudopanurgus verticalis","Pseudopanurgus","Andrenidae"
"Triepeolus melanarius","Triepeolus","Apidae"
"Lasioglossum admirandum","Lasioglossum","Halictidae"
"Andrena ablegata","Andrena","Andrenidae"
"Andrena barbilabris","Andrena","Andrenidae"
"Andrena nubecula","Andrena","Andrenidae"
"Coelioxys porterae","Coelioxys","Megachilidae"
"Lasioglossum cressonii","Lasioglossum","Halictidae"
"Lasioglossum illinoense","Lasioglossum","Halictidae"
"Lasioglossum perichlarus","Lasioglossum","Halictidae"
"Lasioglossum zonulum","Lasioglossum","Halictidae"
"Melissodes grindeliae","Melissodes","Apidae"
"Perdita perpulchra","Perdita","Andrenidae"
"Svastra petulca","Svastra","Apidae"
"Tetraloniella albata","Tetraloniella","Apidae"
"Triepeolus lunatus","Triepeolus","Apidae"
"Triepeolus simplex","Triepeolus","Apidae"
"Andrena hippotes","Andrena","Andrenidae"
"Anthidium oblongatum","Anthidium","Megachilidae"
"Ceratina cobaltina","Ceratina","Apidae"
"Lasioglossum ellisiae","Lasioglossum","Halictidae"
"Lasioglossum halophitus","Lasioglossum","Halictidae"
"Osmia austromaritima","Osmia","Megachilidae"
"Perdita sphaeralceae","Perdita","Andrenidae"
"Andrena banksi","Andrena","Andrenidae"
"Bombus ternarius","Bombus","Apidae"
"Osmia cornifrons","Osmia","Megachilidae"
"Epeolus bifasciatus","Epeolus","Apidae"
"Andrena nasonii","Andrena","Andrenidae"
"Eucera hamata","Eucera","Apidae"
"Bombus affinis","Bombus","Apidae"
"Bombus citrinus","Bombus","Apidae"
"Melissodes desponsus","Melissodes","Apidae"
"Agapostemon coloradinus","Agapostemon","Halictidae"
"Andrena erythronii","Andrena","Andrenidae"
"Andrena rudbeckiae","Andrena","Andrenidae"
"Bombus ashtoni","Bombus","Apidae"
"Bombus auricomus","Bombus","Apidae"
"Bombus perplexus","Bombus","Apidae"
"Calliopsis nebraskensis","Calliopsis","Andrenidae"
"Ceratina calcarata","Ceratina","Apidae"
"Hoplitis pilosifrons","Hoplitis","Megachilidae"
"Hylaeus affinis","Hylaeus","Colletidae"
"Lasioglossum leucozonium","Lasioglossum","Halictidae"
"Lasioglossum rohweri","Lasioglossum","Halictidae"
"Melissodes boltoniae","Melissodes","Apidae"
"Melissodes coloradensis","Melissodes","Apidae"
"Melissodes coreopsis","Melissodes","Apidae"
"Melissodes denticulatus","Melissodes","Apidae"
"Melissodes trinodis","Melissodes","Apidae"
"Melissodes wheeleri","Melissodes","Apidae"
"Melitoma taurea","Melitoma","Apidae"
"Sphecodes dichrous","Sphecodes","Halictidae"
"Sphecodes ranunculi","Sphecodes","Halictidae"
"Andrena hirticincta","Andrena","Andrenidae"
"Coelioxys alternatus","Coelioxys","Megachilidae"
"Dufourea monardae","Dufourea","Halictidae"
"Dufourea novaeangliae","Dufourea","Halictidae"
"Lasioglossum lusorium","Lasioglossum","Halictidae"
"Lasioglossum versatum","Lasioglossum","Halictidae"
"Megachile fortis","Megachile","Megachilidae"
"Osmia distincta","Osmia","Megachilidae"
"Triepeolus donatus","Triepeolus","Apidae"
"Andrena personata","Andrena","Andrenidae"
"Dufourea marginata","Dufourea","Halictidae"
"Lasioglossum forbesii","Lasioglossum","Halictidae"
"Lasioglossum oceanicum","Lasioglossum","Halictidae"
"Andrena erythrogaster","Andrena","Andrenidae"
"Andrena nuda","Andrena","Andrenidae"
"Andrena wilkella","Andrena","Andrenidae"
"Bombus borealis","Bombus","Apidae"
"Colletes inaequalis","Colletes","Colletidae"
"Melitoma grisella","Melitoma","Apidae"
"Anthidium psoraleae","Anthidium","Megachilidae"
"Protandrena abdominalis","Protandrena","Andrenidae"
"Andrena carlini","Andrena","Andrenidae"
"Andrena macoupinensis","Andrena","Andrenidae"
"Lasioglossum pictum","Lasioglossum","Halictidae"
"Andrena placata","Andrena","Andrenidae"
"Ceratina strenua","Ceratina","Apidae"
"Andrena aliciae","Andrena","Andrenidae"
"Andrena carolina","Andrena","Andrenidae"
"Hoplitis simplex","Hoplitis","Megachilidae"
"Hylaeus illinoisensis","Hylaeus","Colletidae"
"Lasioglossum leucocomus","Lasioglossum","Halictidae"
"Lasioglossum lineatulum","Lasioglossum","Halictidae"
"Lasioglossum subviridatum","Lasioglossum","Halictidae"
"Lasioglossum vierecki","Lasioglossum","Halictidae"
"Osmia atriventris","Osmia","Megachilidae"
"Osmia pumila","Osmia","Megachilidae"
"Sphecodes davisii","Sphecodes","Halictidae"
"Andrena alleghaniensis","Andrena","Andrenidae"
"Lasioglossum oblongum","Lasioglossum","Halictidae"
"Andrena canadensis","Andrena","Andrenidae"
"Andrena erigeniae","Andrena","Andrenidae"
"Eucera rosae","Eucera","Apidae"
"Lasioglossum pilosum","Lasioglossum","Halictidae"
"Osmia subarctica","Osmia","Megachilidae"
"Sphecodes eustictus","Sphecodes","Halictidae"
"Sphecodes pimpinellae","Sphecodes","Halictidae"
"Lasioglossum viridatum","Lasioglossum","Halictidae"
"Lasioglossum abanci","Lasioglossum","Halictidae"
"Lasioglossum atwoodi","Lasioglossum","Halictidae"
"Lasioglossum ephialtum","Lasioglossum","Halictidae"
"Lasioglossum fedorense","Lasioglossum","Halictidae"
"Lasioglossum imitatum","Lasioglossum","Halictidae"
"Lasioglossum nigroviride","Lasioglossum","Halictidae"
"Lasioglossum perpunctatum","Lasioglossum","Halictidae"
"Lasioglossum swenki","Lasioglossum","Halictidae"
"Lasioglossum testaceum","Lasioglossum","Halictidae"
"Lasioglossum truncatum","Lasioglossum","Halictidae"
"Andrena haynesi","Andrena","Andrenidae"
"Andrena perplexa","Andrena","Andrenidae"
"Hoplitis spoliata","Hoplitis","Megachilidae"
"Lasioglossum anomalum","Lasioglossum","Halictidae"
"Lasioglossum coeruleum","Lasioglossum","Halictidae"
"Lasioglossum katherineae","Lasioglossum","Halictidae"
"Lasioglossum macoupinense","Lasioglossum","Halictidae"
"Lasioglossum smilacinae","Lasioglossum","Halictidae"
"Nomada imbricata","Nomada","Apidae"
"Osmia collinsiae","Osmia","Megachilidae"
"Hylaeus hyalinatus","Hylaeus","Colletidae"
"Nomada maculata","Nomada","Apidae"
"Andrena violae","Andrena","Andrenidae"
"Ceratina mikmaqi","Ceratina","Apidae"
"Panurginus polytrichus","Panurginus","Andrenidae"
"Panurginus potentillae","Panurginus","Andrenidae"
"Anthophora walshii","Anthophora","Apidae"
"Colletes brevicornis","Colletes","Colletidae"
"Lasioglossum cattellae","Lasioglossum","Halictidae"
"Nomada cressonii","Nomada","Apidae"
"Nomada denticulata","Nomada","Apidae"
"Andrena ceanothi","Andrena","Andrenidae"
"Lasioglossum cinctipes","Lasioglossum","Halictidae"
"Lasioglossum laevissimum","Lasioglossum","Halictidae"
"Lasioglossum michiganense","Lasioglossum","Halictidae"
"Lasioglossum obscurum","Lasioglossum","Halictidae"
"Lasioglossum paradmirandum","Lasioglossum","Halictidae"
"Lasioglossum paraforbesii","Lasioglossum","Halictidae"
"Lasioglossum planatum","Lasioglossum","Halictidae"
"Lasioglossum platyparium","Lasioglossum","Halictidae"
"Lasioglossum versans","Lasioglossum","Halictidae"
"Lasioglossum weemsi","Lasioglossum","Halictidae"
"Nomada luteoloides","Nomada","Apidae"
"Pseudopanurgus compositarum","Pseudopanurgus","Andrenidae"
"Andrena tridens","Andrena","Andrenidae"
"Eucera dubitata","Eucera","Apidae"
"Lasioglossum succinipenne","Lasioglossum","Halictidae"
"Perdita swenki","Perdita","Andrenidae"
"Svastra helianthelli","Svastra","Apidae"
"Nomada parva","Nomada","Apidae"
"Coelioxys immaculatus","Coelioxys","Megachilidae"
"Lasioglossum disparile","Lasioglossum","Halictidae"
"Lasioglossum gotham","Lasioglossum","Halictidae"
"Lasioglossum heterognathus","Lasioglossum","Halictidae"
"Lasioglossum timothyi","Lasioglossum","Halictidae"
"Melissodes fumosus","Melissodes","Apidae"
"Nomia universitatis","Nomia","Halictidae"
"Sphecodes galerus","Sphecodes","Halictidae"
"Andrena geranii","Andrena","Andrenidae"
"Andrena platyparia","Andrena","Andrenidae"
"Lasioglossum hartii","Lasioglossum","Halictidae"
"Melissodes illatus","Melissodes","Apidae"
"Nomada armatella","Nomada","Apidae"
"Pseudopanurgus andrenoides","Pseudopanurgus","Andrenidae"
"Andrena dunningi","Andrena","Andrenidae"
"Anthophora occidentalis","Anthophora","Apidae"
"Epeolus scutellaris","Epeolus","Apidae"
"Trachusa cordaticeps","Trachusa","Megachilidae"
"Andrena ziziae","Andrena","Andrenidae"
"Bombus terricola","Bombus","Apidae"
"Andrena arabis","Andrena","Andrenidae"
"Andrena chromotricha","Andrena","Andrenidae"
"Andrena distans","Andrena","Andrenidae"
"Andrena forbesii","Andrena","Andrenidae"
"Andrena integra","Andrena","Andrenidae"
"Andrena wheeleri","Andrena","Andrenidae"
"Nomada affabilis","Nomada","Apidae"
"Nomada depressa","Nomada","Apidae"
"Pseudopanurgus albitarsis","Pseudopanurgus","Andrenidae"
"Lasioglossum aberrans","Lasioglossum","Halictidae"
"Osmia inermis","Osmia","Megachilidae"
"Bombus kirbiellus","Bombus","Apidae"
"Andrena wilmattae","Andrena","Andrenidae"
"Perdita moabensis","Perdita","Andrenidae"
"Andrena gardineri","Andrena","Andrenidae"
"Andrena bisalicis","Andrena","Andrenidae"
"Andrena commoda","Andrena","Andrenidae"
"Andrena lupinorum","Andrena","Andrenidae"
"Lasioglossum ebmerellum","Lasioglossum","Halictidae"
"Lasioglossum packeri","Lasioglossum","Halictidae"
"Nomada superba","Nomada","Apidae"
"Andrena salictaria","Andrena","Andrenidae"
"Diadasia megamorpha","Diadasia","Apidae"
"Lasioglossum boreale","Lasioglossum","Halictidae"
"Lasioglossum simplex","Lasioglossum","Halictidae"
"Nomada obliterata","Nomada","Apidae"
"Osmia tarsata","Osmia","Megachilidae"
"Andrena ziziaeformis","Andrena","Andrenidae"
"Anthophora maculifrons","Anthophora","Apidae"
"Anthophora peritomae","Anthophora","Apidae"
"Atoposmia abjecta","Atoposmia","Megachilidae"
"Coelioxys funerarius","Coelioxys","Megachilidae"
"Perdita beatula","Perdita","Andrenidae"
"Perdita eximia","Perdita","Andrenidae"
"Anthidium rodecki","Anthidium","Megachilidae"
"Osmia crassa","Osmia","Megachilidae"
"Andrena buckelli","Andrena","Andrenidae"
"Lasioglossum pulveris","Lasioglossum","Halictidae"
"Osmia nifoata","Osmia","Megachilidae"
"Perdita tortifoliae","Perdita","Andrenidae"
"Stelis palmarum","Stelis","Megachilidae"
"Osmia sanrafaelae","Osmia","Megachilidae"
"Colletes gypsicolens","Colletes","Colletidae"
"Lasioglossum abundipunctum","Lasioglossum","Halictidae"
"Osmia alpestris","Osmia","Megachilidae"
"Perdita idonea","Perdita","Andrenidae"
"Holcopasites calliopsidis","Holcopasites","Apidae"
"Andrena thaspii","Andrena","Andrenidae"
"Dufourea harveyi","Dufourea","Halictidae"
"Melissodes metenua","Melissodes","Apidae"
"Andrena sigmundi","Andrena","Andrenidae"
"Andrena fragilis","Andrena","Andrenidae"
"Nomada illinoensis","Nomada","Apidae"
"Andrena bradleyi","Andrena","Andrenidae"
"Andrena brevipalpis","Andrena","Andrenidae"
"Andrena heraclei","Andrena","Andrenidae"
"Andrena pruni","Andrena","Andrenidae"
"Andrena rugosa","Andrena","Andrenidae"
"Colletes validus","Colletes","Colletidae"
"Macropis nuda","Macropis","Melittidae"
"Nomada sayi","Nomada","Apidae"
"Osmia albiventris","Osmia","Megachilidae"
"Sphecodes aroniae","Sphecodes","Halictidae"
"Andrena clarkella","Andrena","Andrenidae"
"Andrena uvulariae","Andrena","Andrenidae"
"Nomada bethunei","Nomada","Apidae"
"Nomada lepida","Nomada","Apidae"
"Andrena mandibularis","Andrena","Andrenidae"
"Nomada ovata","Nomada","Apidae"
"Andrena regularis","Andrena","Andrenidae"
"Andrena robertsonii","Andrena","Andrenidae"
"Bombus sandersoni","Bombus","Apidae"
"Melitta americana","Melitta","Melittidae"
"Nomada bella","Nomada","Apidae"
"Nomada xanthura","Nomada","Apidae"
"Osmia virga","Osmia","Megachilidae"
"Sphecodes confertus","Sphecodes","Halictidae"
"Sphecodes coronus","Sphecodes","Halictidae"
"Lasioglossum acuminatum","Lasioglossum","Halictidae"
"Nomada cuneata","Nomada","Apidae"
"Andrena nida","Andrena","Andrenidae"
"Andrena simplex","Andrena","Andrenidae"
"Andrena virginiana","Andrena","Andrenidae"
"Lasioglossum oenotherae","Lasioglossum","Halictidae"
"Melitta melittoides","Melitta","Melittidae"
"Osmia inspergens","Osmia","Megachilidae"
"Andrena nigrihirta","Andrena","Andrenidae"
"Nomada vicina","Nomada","Apidae"
"Sphecodes cressonii","Sphecodes","Halictidae"
"Sphecodes illinoensis","Sphecodes","Halictidae"
"Sphecodes johnsonii","Sphecodes","Halictidae"
"Andrena morrisonella","Andrena","Andrenidae"
"Nomada electa","Nomada","Apidae"
"Nomada gracilis","Nomada","Apidae"
"Nomada perplexa","Nomada","Apidae"
"Sphecodes levis","Sphecodes","Halictidae"
"Andrena nigrae","Andrena","Andrenidae"
"Lasioglossum lionotus","Lasioglossum","Halictidae"
"Andrena braccata","Andrena","Andrenidae"
"Andrena hilaris","Andrena","Andrenidae"
"Andrena cornelli","Andrena","Andrenidae"
"Hylaeus sparsus","Hylaeus","Colletidae"
"Lasioglossum rozeni","Lasioglossum","Halictidae"
"Macropis ciliata","Macropis","Melittidae"
"Nomada composita","Nomada","Apidae"
"Nomada lehighensis","Nomada","Apidae"
"Sphecodes banksii","Sphecodes","Halictidae"
"Andrena fenningeri","Andrena","Andrenidae"
"Anthophora villosula","Anthophora","Apidae"
"Epeolus autumnalis","Epeolus","Apidae"
"Halictus tectus","Halictus","Halictidae"
"Lasioglossum georgeickworti","Lasioglossum","Halictidae"
"Lasioglossum lustrans","Lasioglossum","Halictidae"
"Nomada dreisbachi","Nomada","Apidae"
"Nomada fragariae","Nomada","Apidae"
"Colletes solidaginis","Colletes","Colletidae"
"Triepeolus cressonii","Triepeolus","Apidae"
"Lasioglossum fattigi","Lasioglossum","Halictidae"
"Osmia conjuncta","Osmia","Megachilidae"
"Dianthidium simile","Dianthidium","Megachilidae"
"Lasioglossum sagax","Lasioglossum","Halictidae"
"Lasioglossum taylorae","Lasioglossum","Halictidae"
"Osmia felti","Osmia","Megachilidae"
"Andrena illini","Andrena","Andrenidae"
"Lasioglossum apocyni","Lasioglossum","Halictidae"
"Sphecodes antennariae","Sphecodes","Halictidae"
"Andrena macra","Andrena","Andrenidae"
"Nomada luteola","Nomada","Apidae"
"Melissodes tinctus","Melissodes","Apidae"
"Nomada sulphurata","Nomada","Apidae"
"Hylaeus ornatus","Hylaeus","Colletidae"
"Andrena sayi","Andrena","Andrenidae"
