Crop,,Description,,,,"HB
Poll.1",,,"HB
Nec.1",,,Bumble Bees,,,,Solitary Bees,,Requires Bee Pollination,,Uses Managed Pollinators,,,,,,,,,,,,,,,
Alfalfa,,Medicago sativa,,,,+,,,++,,,+,,,,"++ Alfalfa leafcutting bee, Alkali bee",,"For seed production, only",,"For seed production, only",,,,,,,,,,,,,,,
Almonds,,"Prunus amygdalus;
P. communis; Amygdalus communis",,,,++,,,+,,,+,,,,+Osmia,,Yes,,Yes,,,,,,,,,,,,,,,
"Anise, badian, fennel, corian, juniper berries",,"anise (Pimpinella anisum); badian or star anise (Illicium verum); caraway (Carum carvi); coriander (Coriandrum sativum); cumin (Cuminum cyminum); fennel (Foeniculum vulgare); juniper berries (Juniperus
communis)",,,,,+,,+,,,+,,,,+,,Yes (not juniper berries),,No,,,,,,,,,,,,,,,
Apples,,Malus pumila; M. sylvestris; M. communis; Pyrus malus,,,,,++,,+,,,+,,,,"++Andrena, Anthidium, Halictus, Osmia, Anthophora,
Habropoda",,Yes,,Yes,,,,,,,,,,,,,,,
Apricots,,Prunus armeniaca,,,,,++,,++,,,++,,,,+Osmia,,Yes,,Yes,,,,,,,,,,,,,,,
Artichokes,,Cynara scolymus,,,,,+,,+,,,+,,,,+,,Yes,,No,,,,,,,,,,,,,,,
Asparagus,,Asparagus officinalis,,,,,+,,+,,,N/AV,,,,N/AV,,"For seed production, only",,"For seed production, only",,,,,,,,,,,,,,,
Avocados,,Persea americana,,,,,+,,+,,,N/AV,,,,+,,Yes,,Yes,,,,,,,,,,,,,,,
Bananas,,"Musa sapientum;
M. cavendishii; M. nana",,,,,-,,+,,,-,,,,-,,No,,No,,,,,,,,,,,,,,,
Barley,,Hordeum spp.,,,,,-,,-,,,-,,,,-,,No,,No,,,,,,,,,,,,,,,
Beans,,Phaseolus spp.,,,,,+,,+,,,+,,,,N/AV,,No,,No,,,,,,,,,,,,,,,
Blueberries,,"fruits of the genus
Vaccinium",,,,,+,,+,,,++,,,,"++Andrena, Colletes, Osmia, Anthophora,
Xylocopa",,Yes,,Yes,,,,,,,,,,,,,,,
"Broad beans, horse
beans, dry",,Vicia faba,,,,,++,,++,,,++,,,,"+Anthophora, Eucera, Megachile,
Xylocopa",,Yes,,,,,,,,,,,,,,,,,
Buckwheat,,Fagopyrum esculentum,,,,,+,,++,,,+,,,,+,,Yes,,Yes,,,,,,,,,,,,,,,
Cabbages and other brassica,,"Chinese, mustard cabbage, pak-choi (Brassica chinensis); white, red, Savoy cabbage, Brussels sprouts, collards, kale and kohlrabi (Brassica oleracea all varieties except
botrytis)",,,,,++,,++,,,+,,,,+,,"For seed production, only",,"For seed production, only",,,,,,,,,,,,,,,
Carobs,,"Ceratonia siliqua,
Carob
tree, locust bean",,,,,+,,+,,,+,,,,+,,Yes,,No,,,,,,,,,,,,,,,
Carrots,,Daucus carota,,,,,+,,+,,,+,,,,+ Megachile rotundata,,"For seed production,
only",,"For seed production,
only",,,,,,,,,,,,,,,
Castor oil seed,,Ricinus communis,,,,,+,,-,,,N/AV,,,,N/AV,,,,,,,,,,,,,,,,,,,
Cauliflowers and broccoli,,"Brassica oleracea
var.
botrytis, subvarieties cauliflora and cymosa, includes
headed broccoli",,,,,++,,++,,,+,,,,"+ Andrenidae, Nomadidae, Megachilidae",,"For seed production, only",,"For seed production, only",,,,,,,,,,,,,,,
Cherries,,"Mazzard, sweet cherry
(Prunus avium; Cerasus avium); hard-fleshed cherry (var. duracina); heart cherry (var.
juliana)",,,,,++,,+,,,+,,,,++ Osmia,,Yes,,Yes,,,,,,,,,,,,,,,
Chestnuts,,"Castanea spp.: C.
vesca; C. vulgaris;
C. sativa.",,,,,++,,++,,,+,,,,+,,Yes,,Yes,,,,,,,,,,,,,,,
Chick peas,,"Chickpea, Bengal gram,
garbanzos (Cicer arietinum)",,,,,+,,++,,,+,,,,"+ Osmia, Megachile",,No,,No,,,,,,,,,,,,,,,
Chicory roots,,"Cichorium intybus
subsp. sativum",,,,,+,,+,,,N/AV,,,,"+Andrena, Anthidium,
Halictus, Osmia",,Yes,,N/AV,,,,,,,,,,,,,,,
Chillies and peppers,,"Red and cayenne pepper, paprika, chillies (Capsicum frutescens; C. annuum); allspice,
Jamaica pepper (Pimenta officinalis)",,,,,+,,-,,,++,,,,+,,Yes,,No,,,,,,,,,,,,,,,
Clover for forage and silage,,"Trifolium spp.
Various
species grown for pasture, green fodder or silage",,,,,++,,++,,,+,,,,"++ Megachile, Osmia, Andrena, Anthidium",,"For seed production, only",,"For seed production, only",,,,,,,,,,,,,,,
"Coffee, green",,"Coffea spp. (arabica,
robusta, liberica)",,,,,+,,-,,,N/AV,,,,+,,Yes,,No,,,,,,,,,,,,,,,
Corn,,Zea mays,,,,,+,,-,,,+,,,,+,,No,,No,,,,,,,,,,,,,,,
Cotton,,Upland cotton (Gossypium hirsutum ) Pima Cotton (Gossypium barbardense),,,,,-,,+,,,+,,,,"Halictus, Anthophora, Xylocopa, Megachile, Nomia, Ptilothrix",,No,,No,,,,,,,,,,,,,,,
Cow peas,,"Cowpea, blackeye pea/
bean (Vigna unguiculata)",,,,,-,,+3,,,+,,,,+,,Yes,,N/AV,,,,,,,,,,,,,,,
Cranberries,,"American cranberry (Vaccinium
macrocarpon)",,,,,+,,+,,,++,,,,"++Andrena, Agapostemon, Melitta, Megachile",,Yes,,Yes,,,,,,,,,,,,,,,
"Cucumbers and
gherkins",,Cucumis sativus,,,,,+,,+,,,+,,,,+ Melissodes Andrena,,Yes,,Yes,,,,,,,,,,,,,,,
Currants,,"Black (Ribes nigrum);
red and white (R. rubrum)",,,,,-,,+,,,++,,,,+ Anthophora,,Yes,,No,,,,,,,,,,,,,,,
Dates,,Phoenix dactylifera,,,,,+,,+,,,N/AV,,,,N/AV,,No,,No,,,,,,,,,,,,,,,
Eggplants,,Solanum melongena,,,,,-,,-,,,++,,,,+,,"For seed
production, only",,No,,,,,,,,,,,,,,,
Elder,,Sambucus nigra,,,,,+,,+,,,+,,,,+,,No,,No,,,,,,,,,,,,,,,
Figs,,Ficus carica,,,,,-,,-,,,-,,,,-,,No,,No,,,,,,,,,,,,,,,
Garlic,,Allium sativum,,,,,+,,+,,,N/AV,,,,"+Halictus, Osmia",,"For seed production,
only",,No,,,,,,,,,,,,,,,
Gooseberry,,Ribes grossularia,,,,,-,,+,,,++,,,,+,,Yes,,No,,,,,,,,,,,,,,,
"Grapefruit (inc.
pomelos)",,"Citrus maxima; C. grandis;
C. paradisi",,,,,++,,++,,,+,,,,N/AV,,No,,No,,,,,,,,,,,,,,,
Grapes,,Vitis vinifera,,,,,+,,-,,,-,,,,-,,No,,No,,,,,,,,,,,,,,,
Grasses for forage; Sil,,"Including inter alia: bent, redtop, fiorin grass (Agrostis spp.); bluegrass (Poa spp.); Columbus grass (Sorghum almum); fescue (Festuca spp.); Napier, elephant grass (Pennisetum purpureum); orchard grass (Dactylis glomerata); Rhodes grass (Chloris gayana); Phleum, Agropyron, Elymus, Phalaris, Koeleria, Stipa, Danthonia, Deschampsia, Bromus, Trisetum,
Calamagrostis, Carex and Juncus",,,,,+,,-,,,-,,,,-,,No,,No,,,,,,,,,,,,,,,
"Groundnuts, with shell,
peanuts",,Arachis hypogaea,,,,,+,,N/AV,,,+,,,,"+ Lasioglossum, Megachile,
Anthidium, Nomia",,N/AV,,N/AV,,,,,,,,,,,,,,,
"Hazelnuts, with shell
(filberts)",,Corylus avellana,,,,,+,,-,,,-,,,,-,,No,,No,,,,,,,,,,,,,,,
Hemp,,Cannabis sativa,,,,,+,,-,,,+,,,,N/AV,,No,,No,,,,,,,,,,,,,,,
Hops,,Humulus lupulus,,,,,+,,-,,,-,,,,-,,No,,No,,,,,,,,,,,,,,,
Kiwi fruit,,Actinidia chinensis,,,,,+,,+,,,+,,,,+,,Yes,,Yes,,,,,,,,,,,,,,,
"Leeks, other alliaceous vegetables",,"Leeks (Allium porrum); chives (A.
schoenoprasum); other alliac",,,,,+,,++,,,+,,,,"+ Osmia, Hoplitis",,"For seed production, only",,No,,,,,,,,,,,,,,,
Leguminous for silage,,"Including inter alia: birdsfoot trefoil (Lotus corniculatus); lespedeza (Lespedeza spp.); kudzu (Pueraria lobata); sesbania (Sesbania spp.); sainfoin, esparcette (Onobrychis sativa); sulla (Hedysarum
coronarium)",,,,,+,,++,,,++,,,,"++ Anthidium, Anthophora, Lasioglossum, Megachile, Osmia, Xylocopa",,Yes,,Yes,,,,,,,,,,,,,,,
Leguminous vegetables,,Vicia faba,,,,,++,,++,,,++,,,,"+ Anthophora, Eucra,
Megachile",,Yes,,No,,,,,,,,,,,,,,,
Lemons/ limes,,"Lemon (Citrus limon);
sour lime (C. aurantifolia); sweet lime (C. limetta)",,,,,++,,++,,,N/AV,,,,+,,No,,No,,,,,,,,,,,,,,,
Lentils,,"Lens esculenta;
Ervum lens",,,,,+,,+3,,,-,,,,"+
Megachile",,No,,No,,,,,,,,,,,,,,,
Lettuce,,Lactuca sativa,,,,,+,,+,,,+,,,,+,,No,,No,,,,,,,,,,,,,,,
Linseed,,"Linum usitatissimum
Flaxseed.",,,,,-,,-,,,-,,,,-,,No,,Yes,,,,,,,,,,,,,,,
Lupins,,"Lupinus alba, L. angustifolia, L.
luteus.",,,,,+,,-,,,++,,,,+,,"For seed production,
only",,No,,,,,,,,,,,,,,,
Melonseed,,"Cucumis melo, includes
seeds of other Cucurbitaceae",,,,,+,,+,,,+,,,,"+ Ceratina, Peponapis, Melissodes,
Agapostemon",,Yes,,Yes,,,,,,,,,,,,,,,
Mushrooms and truffles,,Edible mushrooms,,,,,N/AP,,N/AP,,,N/AP,,,,N/AP,,No,,No,,,,,,,,,,,,,,,
Mustard seed,,"White mustard (Brassica alba; B. hirta;
Sinapis alba); black mustard (Brassica nigra; Sinapis nigra) Brassica juncea",,,,,++,,++,,,+,,,,+,,Yes,,N/AV,,,,,,,,,,,,,,,
Oat,,"Avena spp., mainly
Avena sativa",,,,,-,,-,,,-,,,,-,,No,,No,,,,,,,,,,,,,,,
Okra,,Abelmoschus esculentus; Hibiscus esculentus,,,,,+,,+,,,+,,,,+,,Yes,,No,,,,,,,,,,,,,,,
Olives,,Olea europaea,,,,,+,,-,,,N/AV,,,,N/AV,,No,,No,,,,,,,,,,,,,,,
Onions,,Allium cepa,,,,,+,,+,,,-,,,,"+ Halictus, Nomia",,"For seed production, only",,"For seed production, only",,,,,,,,,,,,,,,
Oranges,,"Common, sweet orange
(Citrus sinensis);
bitter orange (C. aurantium)",,,,,++,,++,,,+,,,,"+ Andrena, Xylocopa",,No,,No,,,,,,,,,,,,,,,
Peaches/ nectarines,,"Prunus persica; Amygdalus persica; Persica
laevis",,,,,+,,+,,,+,,,,+ Osmia,,Yes,,Yes,,,,,,,,,,,,,,,
Pears,,Pyrus communis,,,,,+,,+,,,+,,,,"+ Osmia,
Andrena",,Yes,,Yes,,,,,,,,,,,,,,,
Peas,,"Garden pea (Pisum sativum);
field pea (P. arvense)",,,,,+,,+,,,+,,,,"+ Eucera, Xylocopa",,No,,No,,,,,,,,,,,,,,,
Peppermint,,Mentha spp.: M. piperita,,,,,+,,++,,,++,,,,+,,No,,No,,,,,,,,,,,,,,,
Persimmons,,"Diospyros kaki; D.
virginiana",,,,,+,,+,,,+,,,,+,,Yes,,No,,,,,,,,,,,,,,,
Pistachios,,Pistacia vera,,,,,-,,-,,,-,,,,-,,No,,No,,,,,,,,,,,,,,,
Plums and sloes,,"Greengage, mirabelle, damson (Prunus
domestica); sloe (P. spinosa)",,,,,+,,+,,,+,,,,"+ Osmia, Anthophora",,Yes,,Yes,,,,,,,,,,,,,,,
Poppy seed,,Papaver somniferum,,,,,++,,-,,,N/AV,,,,N/AV,,No,,N/AV,,,,,,,,,,,,,,,
Potatoes,,"Solanum tuberosum
Irish potato",,,,,-,,-,,,+,,,,+Andrena,,"For breeding, only",,No,,,,,,,,,,,,,,,
"Pumpkins, squash and
gourds",,"Cucurbita spp.,
includes marrows",,,,,+,,+,,,++,,,,"+ Agapostemon, Melissodes,
Peponapis",,Yes,,Yes,,,,,,,,,,,,,,,
"Pyrethrum,
dried",,"Chrysanthemum
cinerariifolium",,,,,+,,+,,,+,,,,+,,No,,No,,,,,,,,,,,,,,,
Quinces,,"Cydonia oblonga; C. vulgaris;
C. japonica",,,,,+,,+,,,N/AV,,,,N/AV,,N/AV,,N/AV,,,,,,,,,,,,,,,
Rapeseed (including canola),,"Brassica napus var.
oleifera",,,,,++,,++,,,+,,,,"++
Megachile",,Yes,,Yes,,,,,,,,,,,,,,,
Raspberries,,Rubus idaeus,,,,,+,,+,,,++,,,,"+Osmia, Anderna, Coletes,
Halictus",,Yes,,Yes,,,,,,,,,,,,,,,
"Rice, paddy",,"Oryza spp., mainly
Oryza sativa.",,,,,-,,-,,,-,,,,-,,No,,No,,,,,,,,,,,,,,,
Rye,,Secale cereale,,,,,-,,-,,,-,,,,-,,No,,No,,,,,,,,,,,,,,,
Rye grass for forage and silage,,"Italian ryegrass (Lolium multiflorum); English, perennial ryegrass (L.
perenne).",,,,,-,,-,,,-,,,,-,,No,,No,,,,,,,,,,,,,,,
Safflower seed,,Carthamus tinctorius,,,,,+,,+,,,N/AV,,,,+,,Yes,,Yes,,,,,,,,,,,,,,,
Serradella/ birdsfoot,,Ornithopus sativus,,,,,+,,++,,,N/AV,,,,"+
Megachile",,Yes,,N/AV,,,,,,,,,,,,,,,
"Sesame
seed",,Sesamum indicum,,,,,+,,++,,,N/AV,,,,+,,Yes,,No,,,,,,,,,,,,,,,
Sorghum,,"Sorghum bicolor, spp. bicolor",,,,,+,,-,,,N/AV,,,,+,,No,,No,,,,,,,,,,,,,,,
Soybeans,,Glycine soja,,,,,+,,+,,,+,,,,+,,No,,No,,,,,,,,,,,,,,,
Spices,,"Including inter alia: bay leaves
(Laurus nobilis); dill seed (Anethum graveolens); fenugreek seed (Trigonella foenum- graecum); saffron (Crocus sativus); thyme (Thymus
vulgaris); turmeric (Curcuma longa)",,,,,+,,+,,,+,,,,+,,No,,No,,,,,,,,,,,,,,,
Spinach,,Spinacia oleracea,,,,,-,,-,,,-,,,,-,,No,,N/AV,,,,,,,,,,,,,,,
Strawberries,,Fragaria spp.,,,,,+,,+,,,+,,,,"+Andrena, Halictids, Osmia",,No,,Yes,,,,,,,,,,,,,,,
Sugar beet,,"Beta vulgaris var.
altissima",,,,,-,,+,,,N/AV,,,,+,,"For breeding, only",,No,,,,,,,,,,,,,,,
Sugar cane,,"Saccharum
officinarum",,,,,-,,-,,,-,,,,-,,No,,No,,,,,,,,,,,,,,,
Sunflower seed,,Helianthus annuus,,,,,++,,++,,,++,,,,"++Halictus, Dieunomia, Megachile, Melissodes,
Svastra, Xylocopa",,Yes,,Yes,,,,,,,,,,,,,,,
Sweet potatoes,,Ipomoea batatas,,,,,+,,+,,,+,,,,+,,"For breeding, only",,No,,,,,,,,,,,,,,,
"Tangerines, mandarins, clementines",,"Mandarin, tangerine (Citrus
reticulata); clementine, satsuma (C. unshiu)",,,,,++,,++,,,+,,,,"+Andrena, Xylocopa",,No,,No,,,,,,,,,,,,,,,
Tobacco5,,Nicotiana tabacum,,,,,+,,-,,,+,,,,+,,No,,No,,,,,,,,,,,,,,,
Tomatoes,,Lycopersicon esculentum,,,,,-,,-,,,+,,,,+,,Yes,,Yes,,,,,,,,,,,,,,,
Triticale,,Triticum x Secale,,,,,-,,-,,,-,,,,-,,No,,No,,,,,,,,,,,,,,,
Turnips for fodder,,"Brassica rapa var.
rapifera.",,,,++,,,++,,,+,,,,+,,"For breeding, only",,"For breeding, only",,,,,,,,,,,,,,,
Vetches,,"Spring/common vetch
(Vicia sativa).",,,,++,,,+,,,++,,,,++,,Yes,,No,,,,,,,,,,,,,,,
"Viper's
grass",,"Scorzonera
hispanica",,,,+,,,+,,,+,,,,+,,Yes,,No,,,,,,,,,,,,,,,
Walnuts with shell,,Juglans spp.: J. regia.,,,,+,,,-,,,-,,,,-,,No,,No,,,,,,,,,,,,,,,
Watermelon s,,Citrullus vulgaris,,,,+,,,+,,,+,,,,"+ Agapostemon, Floridegus, Halictus, Hoplitus,
Melissodes",,Yes,,Yes,,,,,,,,,,,,,,,
Wheat,,"Triticum spp.: common (T. aestivum), durum (T.
durum), spelt (T. spelta).",,,,-,,,-,,,-,,,,-,,No,,No,,,,,,,,,,,,,,,
"Arracha (PR) Arracacia xanthorrhiza
(Apiaceae)",,,,Roots and tuber vegetables,,+,,+,,,+,,,+,,,,Yes,,No,,,,,,,,,,,,,,,
"Arrowroot
Maranta arundinacea
(Marantaceae)",,,,Roots and tuber vegetables,,Uncertaintya,,,,,,,,,,,,,,,,,,,,,,,,,,,,,
"Chinese artichoke
Stachys affinis
(Lamiaceae)",,,,"Roots and tuber
vegetables",,Uncertaintya,,,,,,,,,,,,,,,,,,,,,,,,,,,,,
Jerusalem artichoke (Asteraceae),,,,Roots and tuber vegetables,,+,,+,,,+,,,+,,,,No,,No,,,,,,,,,,,,,,,
Edible burdock (Asteraceae),,,,Roots and tuber vegetables,,+,,+,,,+,,,+,,,,No,,No,,,,,,,,,,,,,,,
Edible canna (Cannaceae),,,,Roots and tuber vegetables,,Uncertaintya,,,,,,,,,,,,,,,,,,,,,,,,,,,,,
Cassava (Euphorbiaceae),,,,"Roots and
tuber vegetables",,-,,-,,,-,,,-,,,,No,,No,,,,,,,,,,,,,,,
Turnip-rooted chervil (Apiaceae),,,,Roots and tuber vegetables,,+,,+,,,+,,,+,,,,"For seed production, only",,No,,,,,,,,,,,,,,,
Chufa (Cyperaceae),,,,"Roots and
tuber vegetables",,Uncertaintya,,,,,,,,,,,,,,,,,,,,,,,,,,,,,
Dasheen (Araceae),,,,Roots and tuber vegetables,,+,,+,,,N/AV,,,N/AV,,,,,,No,,,,No,,,,,,,,,,,
Ginger (PR) (Zingiberaceae),,,,"Roots and
tuber vegetables",,Uncertaintya,,,,,,,,,,,,,,,,,,,,,,,,,,,,,
Ginseng (Araliaceae),,,,"Roots and
tuber vegetables",,N/AV,,N/AV,,,N/AV,,,+,,,,,,No,,,,No,,,,,,,,,,,
Horseradish (Brassicaceae),,,,Roots and tuber vegetables,,+,,+,,,+,,,+,,,,,,No,,,,No,,,,,,,,,,,
Leren (PR) (Marantaceae),,,,Roots and tuber vegetables,,Uncertaintya,,,,,,,,,,,,,,,,,,,,,,,,,,,,,
Turnip rooted parsley (Apiaceae),,,,"Roots and tuber
vegetables",,+,,+,,,+,,,+,,,,,,No,,,,No,,,,,,,,,,,
Parsnip (Apiaceae),,,,Roots and tuber vegetables,,+,,+,,,+,,,+,,,,,,"For seed production, only",,,,No,,,,,,,,,,,
Radish (Brassicaceae),,,,Roots and tuber vegetables,,+,,+,,,+,,,"+
Megachile",,,,,,"For seed production, only",,,,"For seed production, only",,,,,,,,,,,
Rutabaga and turnip (Brassicaceae),,,,Roots and tuber vegetables,,++,,++,,,+,,,+,,,,,,"For seed production, only",,,,"For seed production, only",,,,,,,,,,,
"Salsify, (oyster plant) (Asteraceae)",,,,"Roots and
tuber vegetables",,Uncertaintya,,,,,,,,,,,,,,,,,,,,,,,,,,,,,
"Salsify, spanish (Asteraceae)",,,,Roots and tuber vegetables,,Uncertaintya,,,,,,,,,,,,,,,,,,,,,,,,,,,,,
Skirret (Apiaceae),,,,"Roots and
tuber vegetables",,+,,+,,,+,,,+,,,,,,Yes,,,,No,,,,,,,,,,,
Tanier (Araceae),,,,"Roots and
tuber vegetables",,Uncertaintya,,,,,,,,,,,,,,,,,,,,,,,,,,,,,
Yam bean (Fabaceae),,,,Roots and tuber vegetables,,+,,+,,,+,,,+,,,,,,No,,,,No,,,,,,,,,,,
True yam (Dioscoreaceae),,,,Roots and tuber vegetables,,,,,,,,,,,,,,,,,,,,,,,,,,,,,,,
"Chive, Chinese (Liliaceae)",,,,Bulb vegetables,,+,,++,,,+,,,+,,,,,,"For seed production, only",,,,No,,,,,,,,,,,
"Daylily, bulb
(Liliaceae)",,,,"Bulb
vegetables",,-,,-,,,-,,,-,,,,,,No,,,,No,,,,,,,,,,,
Elegans hosta (Liliaceae),,,,Bulb vegetables,,+,,-,,,+,,,+,,,,,,No,,,,No,,,,,,,,,,,
Fritillaria (Liliaceae),,,,"Bulb
vegetables",,+,,+,,,+,,,+,,,,,,No,,,,No,,,,,,,,,,,
"Garlic, great headed (Liliaceae)",,,,Bulb vegetables,,+,,+,,,+,,,+,,,,,,No,,,,No,,,,,,,,,,,
"Garlic, serpent (Liliaceae)",,,,Bulb vegetables,,+,,+,,,+,,,+,,,,,,No,,,,No,,,,,,,,,,,
Kurrat (Liliaceae),,,,Bulb vegetables,,+,,++,,,N/AV,,,"+ Osmia, Hoplitis",,,,,,Yes,,,,No,,,,,,,,,,,
Lily (Liliaceae),,,,Bulb vegetables,,-,,-,,,-,,,-,,,,,,No,,,,No,,,,,,,,,,,
Onion (various varieties except green onion) (Liliaceae),,,,Bulb vegetables,,+,,+,,,+,,,+,,,,,,"For seed production, only",,,,No,,,,,,,,,,,
Shallot (Liliaceae),,,,Bulb vegetables,,+,,+,,,+,,,+,,,,,,"For seed production, only",,,,No,,,,,,,,,,,
"Amaranth
(Amaranthaceae)",,,,"Leafy
Vegetables",,+,,+,,,+,,,+,,,,,,Yes,,,,,,,,,,,,,,,
Arugula (Brassicaceae),,,,Leafy Vegetables,,++,,++,,,+,,,+,,,,,,No,,,,No,,,,,,,,,,,
Cardoon (Asteraceae),,,,Leafy Vegetables,,+,,+,,,+,,,+,,,,,,Yes,,,,No,,,,,,,,,,,
Celery (Apiaceae),,,,Leafy Vegetables,,+,,+,,,+,,,+,,,,,,Yes,,,,No,,,,,,,,,,,
Celtuce (Asteraceae),,,,Leafy Vegetables,,+,,+,,,+,,,+,,,,,,No,,,,No,,,,,,,,,,,
Chervil (Apiaceae),,,,Leafy Vegetables,,+,,+,,,+,,,+,,,,,,No,,,,No,,,,,,,,,,,
Chrysanthemum (Asteraceae),,,,Leafy Vegetables,,+,,+,,,+,,,+,,,,,,No,,,,No,,,,,,,,,,,
Corn salad (Valerianaceae),,,,Leafy Vegetables,,Uncertaintya,,,,,,,,,,,,,,,,,,,,,,,,,,,,,
"Cress, garden (Brassicaceae)",,,,Leafy Vegetables,,++,,++,,,+,,,+,,,,,,No,,,,No,,,,,,,,,,,
"Cress, upland (Brassicaceae)",,,,Leafy Vegetables,,++,,++,,,+,,,+,,,,,,No,,,,No,,,,,,,,,,,
Dandelion (Asteraceae),,,,Leafy Vegetables,,++,,++,,,++,,,++,,,,,,No,,,,No,,,,,,,,,,,
Dock/sorrel (Polygonaceae),,,,Leafy Vegetables,,Uncertaintya,,,,,,,,,,,,,,,,,,,,,,,,,,,,,
Endive (Asteraceae),,,,Leafy Vegetables,,+,,+,,,+,,,+,,,,,,No,,,,No,,,,,,,,,,,
Fennel (Apiaceae),,,,Leafy Vegetables,,++,,++,,,+,,,+,,,,,,Yes,,,,No,,,,,,,,,,,
Orach (Chenopodiaceae),,,,Leafy Vegetables,,Uncertaintya,,,,,,,,,,,,,,,,,,,,,,,,,,,,,
Parsley (Apiaceae),,,,Leafy Vegetables,,+,,+,,,+,,,+,,,,,,No,,,,No,,,,,,,,,,,
"Purslane, garden (Apiaceae)",,,,Leafy Vegetables,,+,,+,,,+,,,+,,,,,,No,,,,No,,,,,,,,,,,
Winter purslane (Portulaceae),,,,Leafy Vegetables,,Uncertaintya,,,,,,,,,,,,,,,,,,,,,,,,,,,,,
Radicchio (Asteraceae),,,,Leafy Vegetables,,+,,+,,,N/AV,,,"+Andrena, Anthidium, Halictus, Osmia",,,,,,Yes,,,,N/AV,,,,,,,,,,,
Rhubarb (Polygonaceae),,,,Leafy Vegetables,,"Open pollinated, rarely self- pollinated",,,,,,,,,,,,,,,,,,,,,,,,,,,,,
New Zealand spinach (Aizoaceae),,,,Leafy Vegetables,,Uncertaintya,,,,,,,,,,,,,,,,,,,,,,,,,,,,,
Swiss chard (Chenopodiaceae),,,,Leafy Vegetables,,-,,+,,,N/AV,,,+,,,,,,Yes,,,,No,,,,,,,,,,,
Vine spinach (Basellaceae),,,,Leafy Vegetables,,Uncertaintya,,,,,,,,,,,,,,,,,,,,,,,,,,,,,
Brussels sprouts (Brassicaceae),,,,Brassica leafy vegetables,,++,,++,,,+,,,+,,,,,,No,,,,No,,,,,,,,,,,
Cavalo broccolo (Brassicaceae),,,,Brassica leafy vegetables,,++,,++,,,+,,,+,,,,,,No,,,,No,,,,,,,,,,,
Collards (Brassicaceae),,,,Brassica leafy vegetables,,++,,++,,,+,,,+,,,,,,No,,,,No,,,,,,,,,,,
Kale  (Brassicaceae),,,,Brassica leafy vegetables,,++,,++,,,+,,,+,,,,,,No,,,,No,,,,,,,,,,,
Kohlrabi (Brassicaceae),,,,Brassica leafy vegetables,,++,,++,,,+,,,+,,,,,,No,,,,No,,,,,,,,,,,
Mizuna (Brassicaceae),,,,Brassica leafy vegetables,,++,,++,,,+,,,+,,,,,,No,,,,No,,,,,,,,,,,
Mustard greens (Brassicaceae),,,,Brassica leafy vegetables,,++,,++,,,+,,,+,,,,,,No,,,,No,,,,,,,,,,,
Mustard spinach (Brassicaceae),,,,Brassica leafy vegetables,,++,,++,,,+,,,+,,,,,,No,,,,No,,,,,,,,,,,
Rape greens (Brassicaceae),,,,Brassica leafy vegetables,,++,,++,,,+,,,+,,,,,,No,,,,No,,,,,,,,,,,
"Bean (lupinus)
(Fabaceae)",,,,"Legume
vegetable",,++,,+,,,+,,,+,,,,,,No,,,,No,,,,,,,,,,,
Bean (vigna) (Fabaceae),,,,Legume vegetable,,+,,+,,,+,,,+,,,,,,No,,,,No,,,,,,,,,,,
Guar (Fabaceae),,,,Legume vegetable,,+,,+,,,+,,,+,,,,,,No,,,,No,,,,,,,,,,,
Jackbean (Fabaceae),,,,Legume vegetable,,+,,+,,,+,,,+,,,,,,No,,,,No,,,,,,,,,,,
Lablab bean (Fabaceae),,,,Legume vegetable,,+,,+,,,+,,,+,,,,,,No,,,,No,,,,,,,,,,,
Pigeon pea (Fabaceae),,,,Legume vegetable,,+,,+,,,+,,,+,,,,,,No,,,,No,,,,,,,,,,,
Sword bean (Fabaceae),,,,Legume vegetable,,+,,+,,,+,,,+,,,,,,No,,,,No,,,,,,,,,,,
African eggplant (Solanaceae),,,,Fruiting vegetable,,-,,-,,,++,,,+,,,,,,No,,,,No,,,,,,,,,,,
Bush tomato (Solanaceae),,,,Fruiting vegetable,,-,,-,,,++,,,+,,,,,,No,,,,No,,,,,,,,,,,
Cocona (Solanaceae),,,,Fruiting vegetable,,-,,-,,,++,,,+,,,,,,No,,,,No,,,,,,,,,,,
Currant tomato (Solanaceae),,,,Fruiting vegetable,,-,,-,,,++,,,+,,,,,,No,,,,No,,,,,,,,,,,
Garden huckleberry (Solanaceae),,,,Fruiting vegetable,,-,,-,,,++,,,+,,,,,,No,,,,No,,,,,,,,,,,
Goji berry (Solanaceae),,,,Fruiting vegetable,,-,,-,,,++,,,+,,,,,,No,,,,No,,,,,,,,,,,
Groundcherry (Solanaceae),,,,Fruiting vegetable,,-,,-,,,++,,,+,,,,,,No,,,,No,,,,,,,,,,,
Martynia (Pedaliaceae),,,,Fruiting vegetable,,Uncertaintya,,,,,,,,,,,,,,,,,,,,,,,,,,,,,
Naranjilla (Solanaceae),,,,Fruiting vegetable,,-,,-,,,++,,,+,,,,,,No,,,,No,,,,,,,,,,,
Pea eggplant (Solanaceae),,,,Fruiting vegetable,,-,,-,,,++,,,+,,,,,,No,,,,No,,,,,,,,,,,
Pepino (Solanaceae),,,,Fruiting vegetable,,-,,-,,,++,,,+,,,,,,No,,,,No,,,,,,,,,,,
Bell pepper (Solanaceae),,,,Fruiting vegetable,,-,,-,,,++,,,+,,,,,,No,,,,No,,,,,,,,,,,
Roselle (Malvaceae),,,,"Fruiting
vegetable",,+,,+,,,N/AV,,,N/AV,,,,,,Yes,,,,No,,,,,,,,,,,
Scarlet eggplant (Solanaceae),,,,Fruiting vegetable,,-,,-,,,++,,,+,,,,,,No,,,,No,,,,,,,,,,,
Sunberry (Solanaceae),,,,Fruiting vegetable,,-,,-,,,++,,,+,,,,,,No,,,,No,,,,,,,,,,,
Tomatillo (Solanaceae),,,,Fruiting vegetable,,-,,-,,,++,,,+,,,,,,No,,,,No,,,,,,,,,,,
Tree tomato (Solanaceae),,,,Fruiting vegetable,,-,,-,,,++,,,+,,,,,,No,,,,No,,,,,,,,,,,
Chayote (Cucurbitaceae),,,,Cucurbit vegetable,,+,,+,,,+,,,+,,,,,,No,,,,No,,,,,,,,,,,
"Citron melon (Cucurbitaceae) =
watermelon",,,,Cucurbit vegetable,,+,,+,,,+,,,+,,,,,,Yes,,,,Yes,,,,,,,,,,,
"Momordica spp.
(Cucurbitaceae)",,,,"Cucurbit
vegetable",,+,,+,,,+,,,+,,,,,,Yes,,,,Yes,,,,,,,,,,,
Calamondin (Rutaceae),,,,Citrus fruit,,++,,++,,,+,,,+,,,,,,No,,,,No,,,,,,,,,,,
Citron (Rutaceae),,,,Citrus fruit,,++,,++,,,+,,,+,,,,,,No,,,,No,,,,,,,,,,,
Citrus hybrids (Rutaceae),,,,Citrus fruit,,++,,++,,,+,,,+,,,,,,No,,,,No,,,,,,,,,,,
Kumquat (Rutaceae),,,,Citrus fruit,,++,,++,,,+,,,+,,,,,,No,,,,No,,,,,,,,,,,
Mediterranean mandarin (Rutaceae),,,,Citrus fruit,,++,,++,,,+,,,+,,,,,,No,,,,No,,,,,,,,,,,
"Mount white lime
(Rutaceae)",,,,Citrus fruit,,++,,++,,,+,,,+,,,,,,No,,,,No,,,,,,,,,,,
New guinea wild lime (Rutaceae),,,,Citrus fruit,,++,,++,,,+,,,+,,,,,,No,,,,No,,,,,,,,,,,
Tangelo (Rutaceae),,,,Citrus fruit,,++,,++,,,+,,,+,,,,,,No,,,,No,,,,,,,,,,,
Tangor (Rutaceae),,,,Citrus fruit,,++,,++,,,+,,,+,,,,,,No,,,,No,,,,,,,,,,,
Uniq fruit (Rutaceae),,,,Citrus fruit,,++,,++,,,+,,,+,,,,,,No,,,,No,,,,,,,,,,,
Azarole (Rosaceae),,,,Pome fruit,,++,,+,,,+,,,"++Andrena, Anthidium, Halictus, Osmia, Anthophora,
Habropoda",,,,,,Yes,,,,No,,,,,,,,,,,
Crabapple (Rosaceae),,,,Pome fruit,,++,,+,,,+,,,"++Andrena, Anthidium,
Halictus, Osmia, Anthophora, Habropoda",,,,,,Yes,,,,Yes,,,,,,,,,,,
Loquat (Rosaceae),,,,Pome fruit,,++,,+,,,+,,,"++Andrena, Anthidium, Halictus, Osmia, Anthophora,
Habropoda",,,,,,Yes,,,,No,,,,,,,,,,,
Mayhaw (Rosaceae),,,,Pome fruit,,++,,+,,,+,,,"++Andrena, Anthidium,
Halictus, Osmia, Anthophora, Habropoda",,,,,,Yes,,,,No,,,,,,,,,,,
Medlar (Rosaceae),,,,Pome fruit,,++,,+,,,+,,,"++Andrena, Anthidium, Halictus, Osmia, Anthophora,
Habropoda",,,,,,Yes,,,,No,,,,,,,,,,,
Asian pear (Rosaceae),,,,Pome fruit,,++,,+,,,+,,,"++Andrena, Anthidium,
Halictus, Osmia,
Anthophora, Habropoda",,,,,,Yes,,,,Yes,,,,,,,,,,,
Pseudocydonia sinensis (Rosaceae),,,,Pome fruit,,++,,+,,,+,,,"++Andrena, Anthidium, Halictus, Osmia, Anthophora,
Habropoda",,,,,,Yes,,,,No,,,,,,,,,,,
Tejocote (Rosaceae),,,,Pome fruit,,++,,+,,,+,,,"++Andrena, Anthidium, Halictus, Osmia, Anthophora,
Habropoda",,,,,,Yes,,,,No,,,,,,,,,,,
Capulin (Rosaceae),,,,Stone fruit,,++,,+,,,+,,,"++Andrena, Anthidium, Halictus, Osmia, Anthophora,
Habropoda",,,,,,Yes,,,,No,,,,,,,,,,,
"Jujube
(Rhamnaceae)",,,,Stone fruit,,++,,+,,,+,,,+,,,,,,Yes,,,,No,,,,,,,,,,,
Nectarine (Rosaceae),,,,Stone fruit,,++,,+,,,+,,,+,,,,,,Yes,,,,Yes,,,,,,,,,,,
Peach (Rosaceae),,,,Stone fruit,,++,,+,,,+,,,+,,,,,,Yes,,,,Yes,,,,,,,,,,,
"Plum (various)
(Rosaceae)",,,,Stone fruit,,++,,+,,,+,,,+,,,,,,Yes,,,,Yes,,,,,,,,,,,
Plumcot (Rosaceae),,,,Stone fruit,,++,,+,,,+,,,+,,,,,,Yes,,,,No,,,,,,,,,,,
Sloe (Rosaceae),,,,Stone fruit,,++,,+,,,+,,,+,,,,,,Yes,,,,No,,,,,,,,,,,
Aronia berry (Rosaceae),,,,Berry and small fruit,,+,,+,,,+,,,+,,,,,,Yes,,,,No,,,,,,,,,,,
"Bayberry
(Myricaceae)",,,,"Berry and
small fruit",,Uncertaintya,,,,,,,,,,,,,,,,,,,,,,,,,,,,,
Bearberry (Ericaceae),,,,Berry and small fruit,,+,,+,,,++,,,"++Andrena, Colletes, Osmia, Anthophora, Xylocopa",,,,,,Yes,,,,No,,,,,,,,,,,
Bilberry (Ericaceae),,,,Berry and small fruit,,+,,+,,,++,,,"++Andrena, Colletes, Osmia, Anthophora, Xylocopa",,,,,,Yes,,,,No,,,,,,,,,,,
Blackberry (Rosaceae),,,,Berry and small fruit,,+,,+,,,++,,,++,,,,,,Yes,,,,Yes,,,,,,,,,,,
"Buffaloberry
(Elaeagnaceae)",,,,"Berry and
small fruit",,Uncertaintya,,,,,,,,,,,,,,,,,,,,,,,,,,,,,
Che (Moraceae),,,,Berry and small fruit,,Uncertaintya,,,,,,,,,,,,,,,,,,,,,,,,,,,,,
"Chokecherry
(Rosaceae)",,,,"Berry and
small fruit",,+,,+,,,N/AV,,,N/AV,,,,,,Yes,,,,No,,,,,,,,,,,
Cloudberry (Rosaceae),,,,Berry and small fruit,,+,,+,,,+,,,+,,,,,,Yes,,,,No,,,,,,,,,,,
"European barberry
(Berberidaceae)",,,,"Berry and
small fruit",,Uncertaintya,,,,,,,,,,,,,,,,,,,,,,,,,,,,,
Highbush cranberry (Caprifoliaceae),,,,Berry and small fruit,,Uncertaintya,,,,,,,,,,,,,,,,,,,,,,,,,,,,,
"Edible honeysuckle
(Caprifoliaceae)",,,,"Berry and
small fruit",,+,,+,,,+,,,+,,,,,,Yes,,,,No,,,,,,,,,,,
Huckleberry (Ericaceae),,,,Berry and small fruit,,+,,+,,,++,,,"++Andrena, Colletes, Osmia, Anthophora, Xylocopa",,,,,,Yes,,,,No,,,,,,,,,,,
Jostaberry (Grossulariaceae),,,,Berry and small fruit,,-,,+,,,+,,,+,,,,,,Yes,,,,No,,,,,,,,,,,
Juneberry (Rosaceae),,,,Berry and small fruit,,+,,+,,,+,,,+,,,,,,Yes,,,,No,,,,,,,,,,,
"Lingonberry
(Ericaceae)",,,,"Berry and
small fruit",,+,,+,,,+,,,+,,,,,,Yes,,,,No,,,,,,,,,,,
Maypop (Passifloraceae),,,,Berry and small fruit,,-,,-,,,-,,,"+
Xylocopa",,,,,,Yes,,,,No,,,,,,,,,,,
Mulberry (Moraceae),,,,"Berry and
small fruit",,-,,-,,,-,,,-,,,,,,No,,,,No,,,,,,,,,,,
Partridgeberry (Rubiaceae),,,,Berry and small fruit,,-,,-,,,+,,,-,,,,,,Yes,,,,No,,,,,,,,,,,
Phalsa (Tiliaceae),,,,"Berry and
small fruit",,+,,+,,,+,,,+,,,,,,Yes,,,,No,,,,,,,,,,,
Pin cherry (Rosaceae),,,,Berry and small fruit,,++,,+,,,+,,,++ Osmia,,,,,,Yes,,,,No,,,,,,,,,,,
Salal (Ericaceae),,,,Berry and small fruit,,+,,+,,,++,,,"++Andrena, Colletes, Osmia, Anthophora,
Xylocopa",,,,,,Yes,,,,No,,,,,,,,,,,
"Schisandra berry
(Schisandraceae)",,,,"Berry and
small fruit",,Uncertaintya,,,,,,,,,,,,,,,,,,,,,,,,,,,,,
Beechnut (Fagaceae),,,,Tree nut,,-,,-,,,-,,,-,,,,,,No,,,,No,,,,,,,,,,,
Brazil nut (Lecythidaceae),,,,Tree nut,,+,,+,,,++,,,+,,,,,,No,,,,No,,,,,,,,,,,
Bur oak (Fagaceae),,,,Tree nut,,+,,-,,,-,,,-,,,,,,No,,,,No,,,,,,,,,,,
"Butternut
(Juglandaceae)",,,,Tree nut,,+,,-,,,-,,,-,,,,,,No,,,,No,,,,,,,,,,,
Cashew (PR)(Anacardiaceae),,,,Tree nut,,+,,+,,,N/AV,,,N/AV,,,,,,Yes,,,,No,,,,,,,,,,,
"Candlenut
(Euphorbiaceae)",,,,Tree nut,,Uncertaintya,,,,,,,,,,,,,,,,,,,,,,,,,,,,,
Chinquapin (Fagaceae),,,,Tree nut,,++,,+,,,+,,,+,,,,,,No,,,,No,,,,,,,,,,,
Coconut (Arecaceae),,,,Tree nut,,+,,+,,,+,,,+,,,,,,Yes,,,,No,,,,,,,,,,,
"Ginkgo
(Ginkgoaceae)",,,,Tree nut,,-,,-,,,-,,,-,,,,,,No,,,,No,,,,,,,,,,,
Guiana chestnut (PR) (Bombacaceae),,,,Tree nut,,Uncertaintya,,,,,,,,,,,,,,,,,,,,,,,,,,,,,
Heartnut (Juglandaceae),,,,Tree nut,,+,,-,,,-,,,-,,,,,,No,,,,No,,,,,,,,,,,
"Hickory
(Juglandaceae)",,,,Tree nut,,Uncertaintya,,,,,,,,,,,,,,,,,,,,,,,,,,,,,
Macadamia nut (PR) (Proteaceae),,,,Tree nut,,+,,+,,,N/AV,,,N/AV,,,,,,Yes,,,,No,,,,,,,,,,,
Pachira (Bombacaceae),,,,Tree nut,,Uncertaintya,,,,,,,,,,,,,,,,,,,,,,,,,,,,,
"Peach palm nut
(Arecaceae)",,,,Tree nut,,-,,-,,,-,,,-,,,,,,No,,,,No,,,,,,,,,,,
Pecan (Juglandaceae),,,,Tree nut,,-,,-,,,-,,,-,,,,,,No,,,,No,,,,,,,,,,,
Pine nut (Pinaceae),,,,Tree nut,,Uncertaintya,,,,,,,,,,,,,,,,,,,,,,,,,,,,,
"Tropical almond
(Combretaceae)",,,,Tree nut,,+,,+,,,N/AV,,,N/AV,,,,,,No,,,,No,,,,,,,,,,,
Millet (Poaceae),,,,Cereal grains,,+,,-,,,-,,,-,,,,,,No,,,,No,,,,,,,,,,,
Popcorn (Poaceae),,,,Cereal grains,,+,,-,,,-,,,-,,,,,,No,,,,No,,,,,,,,,,,
Teosinte (Poaceae),,,,Cereal grains,,+,,-,,,-,,,-,,,,,,No,,,,No,,,,,,,,,,,
Wild rice (Poaceae),,,,Cereal grains,,+,,-,,,-,,,-,,,,,,No,,,,No,,,,,,,,,,,
Velvet bean (Fabaceae),,,,"nongrass
animal feeds",,Uncertaintya,,,,,,,,,,,,,,,,,,,,,,,,,,,,,
Lupin (Fabaceae),,,,nongrass animal feeds,,+,,+,,,+,,,+,,,,,,"For seed production, only",,,,"For seed production, only",,,,,,,,,,,
Crown vetch (Fabaceae),,,,nongrass animal feeds,,+,,+,,,++,,,"++ Megachile, Osmia",,,,,,"For seed production, only",,,,"For seed production, only",,,,,,,,,,,
Vetch (Fabaceae),,,,"nongrass animal
feeds",,+,,+,,,++,,,"+ Megachile, Osmia",,,,,,"For seed production, only",,,,"For seed production, only",,,,,,,,,,,
Milk vetch (Fabaceae) Astragalus spp.,,,,nongrass animal feeds,,+,,+,,,++,,,"+
Megachile",,,,,,"For seed production, only",,,,"For seed production, only",,,,,,,,,,,
Angelica (Apiaceae),,,,Herbs and spices,,Uncertaintya,,,,,,,,,,,,,,,,,,,,,,,,,,,,,
Annatto (Bixaceae),,,,"Herbs and
spices",,+,,-,,,N/AV,,,N/AV,,,,,,No,,,,No,,,,,,,,,,,
Lemon balm (Lamiaceae),,,,Herbs and spices,,+,,+,,,+,,,+,,,,,,No,,,,No,,,,,,,,,,,
Basil (Lamiaceae),,,,"Herbs and
spices",,+,,+,,,+,,,+,,,,,,"For seed production,
only",,,,"For seed production,
only",,,,,,,,,,,
Borage (Boraginaceae),,,,Herbs and spices,,+,,++,,,+,,,+,,,,,,"For seed production, only",,,,"For seed production, only",,,,,,,,,,,
Burnet (Rosaceae),,,,"Herbs and
spices",,+,,+,,,+,,,+,,,,,,No,,,,No,,,,,,,,,,,
Camomille (Asteraceae),,,,Herbs and spices,,+,,+,,,N/AV,,,+,,,,,,No,,,,No,,,,,,,,,,,
Black caraway (Ranunculaceae),,,,Herbs and spices,,+,,+,,,+,,,+,,,,,,No,,,,No,,,,,,,,,,,
Caper buds (Capparaceae),,,,Herbs and spices,,+,,++,,,N/AV,,,+,,,,,,"For seed production, only",,,,"For seed production, only",,,,,,,,,,,
Catnip (Lamiaceae),,,,Herbs and spices,,+,,++,,,++,,,++,,,,,,"For seed production, only",,,,"For seed production, only",,,,,,,,,,,
"Celery seed
(Apiaceae)",,,,"Herbs and
spices",,+,,+,,,+,,,+,,,,,,"For seed production,
only",,,,"For seed production,
only",,,,,,,,,,,
Chinese chives (Liliaceae),,,,Herbs and spices,,+,,++,,,+,,,+,,,,,,"For seed production, only",,,,"For seed production, only",,,,,,,,,,,
"Cinnamon
(Lauraceae)",,,,"Herbs and
spices",,+,,+,,,N/AV,,,N/AV,,,,,,"For seed production,
only",,,,"For seed production,
only",,,,,,,,,,,
Clary (Lamiaceae),,,,Herbs and spices,,+,,+,,,+,,,+,,,,,,"For seed production, only",,,,"For seed production, only",,,,,,,,,,,
"Costmary
(Asteraceae)",,,,"Herbs and
spices",,+,,+,,,+,,,+,,,,,,"For seed production,
only",,,,"For seed production,
only",,,,,,,,,,,
Culantro (Apiaceae),,,,Herbs and spices,,Uncertaintya,,,,,,,,,,,,,,,,,,,,,,,,,,,,,
"Horehound
(Lamiaceae)",,,,"Herbs and
spices",,+,,+,,,+,,,+,,,,,,"For seed production,
only",,,,"For seed production,
only",,,,,,,,,,,
Hyssop (Lamiaceae),,,,Herbs and spices,,+,,+,,,++,,,++,,,,,,"For seed production, only",,,,"For seed production, only",,,,,,,,,,,
"Lavendar
(Lamiaceae)",,,,"Herbs and
spices",,+,,++,,,++,,,++,,,,,,"For seed production,
only",,,,"For seed production,
only",,,,,,,,,,,
Lemongrass (Graminae),,,,Herbs and spices,,-,,-,,,-,,,-,,,,,,No,,,,No,,,,,,,,,,,
Lovage (Apiaceae),,,,"Herbs and
spices",,Uncertaintya,,,,,,,,,,,,,,,,,,,,,,,,,,,,,
Mace (Myristicaceae),,,,Herbs and spices,,-,,-,,,-,,,-,,,,,,No,,,,No,,,,,,,,,,,
"Marigold
(Asteraceae)",,,,"Herbs and
spices",,+,,+,,,-,,,+,,,,,,No,,,,No,,,,,,,,,,,
Marjoram (Lamiaceae),,,,Herbs and spices,,+,,+,,,+,,,+,,,,,,No,,,,No,,,,,,,,,,,
"Nasturtium
(Tropaeolaceae)",,,,"Herbs and
spices",,+,,+,,,++,,,+,,,,,,No,,,,No,,,,,,,,,,,
Nutmeg (Myristicaceae),,,,Herbs and spices,,-,,-,,,-,,,-,,,,,,No,,,,No,,,,,,,,,,,
Parsley (Apiaceae),,,,Herbs and spices,,+,,+,,,+,,,+,,,,,,No,,,,No,,,,,,,,,,,
Rue (Rutaceae),,,,"Herbs and
spices",,+,,+,,,+,,,+,,,,,,Yes,,,,No,,,,,,,,,,,
Rosemary (Lamiaceae),,,,Herbs and spices,,++,,++,,,+,,,+,,,,,,No,,,,No,,,,,,,,,,,
Sage (Lamiaceae),,,,"Herbs and
spices",,Uncertaintya,,,,,,,,,,,,,,,,,,,,,,,,,,,,,
Savory (Lamiaceae),,,,Herbs and spices,,+,,+,,,+,,,+,,,,,,Yes,,,,No,,,,,,,,,,,
Tansy (Asteraceae),,,,"Herbs and
spices",,+,,+,,,+,,,+,,,,,,No,,,,No,,,,,,,,,,,
Tarragon (Asteraceae),,,,Herbs and spices,,+,,+,,,+,,,+,,,,,,No,,,,No,,,,,,,,,,,
Vanilla (Orchidaceae),,,,"Herbs and
spices",,+,,+,,,+,,,+,,,,,,No,,,,No,,,,,,,,,,,
Wintergreen (Ericaceae),,,,Herbs and spices,,-,,-,,,+,,,-,,,,,,No,,,,No,,,,,,,,,,,
"Wormwood
(Asteraceae)",,,,"Herbs and
spices",,Uncertaintya,,,,,,,,,,,,,,,,,,,,,,,,,,,,,
Woodruff (Rubiaceae),,,,Herbs and spices,,Uncertaintya,,,,,,,,,,,,,,,,,,,,,,,,,,,,,
"Borage
(Boraginaceae)",,,,Oilseed,,++,,+,,,+,,,+,,,,,,Yes,,,,No,,,,,,,,,,,
Calendula (Asteraceae),,,,Oilseed,,+,,+,,,+,,,+,,,,,,Yes,,,,No,,,,,,,,,,,
"Chinese tallow
(Euphorbiaceae)",,,,Oilseed,,+,,+,,,+,,,+,,,,,,Yes,,,,No,,,,,,,,,,,
Crambe (Brassicaceae),,,,Oilseed,,+,,+,,,+,,,+,,,,,,Yes,,,,No,,,,,,,,,,,
Cuphea (Lythraceae),,,,Oilseed,,+,,+,,,+,,,+,,,,,,Yes,,,,No,,,,,,,,,,,
"Echium
(Boraginaceae)",,,,Oilseed,,+,,+,,,+,,,+,,,,,,Yes,,,,No,,,,,,,,,,,
,Euphorbia (Euphorbiaceae),,,,Oilseed,,+,,+,,,+,,,+,,,,,,Yes,,,,No,,,,,,,,,,
,"Evening primrose
(Onagraceae)",,,,Oilseed,,+,,+,,,+,,,+,,,,,,Yes,,,,No,,,,,,,,,,
,Flax seed (Linaceae),,,,Oilseed,,+,,+,,,+,,,+,,,,,,No,,,,No,,,,,,,,,,
,Gold of pleasure (Brassicaceae),,,,Oilseed,,+,,+,,,+,,,+,,,,,,Yes,,,,No,,,,,,,,,,
,"Hare's ear mustard
(Brassicaceae)",,,,Oilseed,,+,,+,,,+,,,+,,,,,,Yes,,,,No,,,,,,,,,,
,Jojoba (Simmondsiaceae),,,,Oilseed,,+,,+,,,+,,,+,,,,,,Yes,,,,No,,,,,,,,,,
,"Lesquerella
(Brassicaceae)",,,,Oilseed,,+,,+,,,+,,,+,,,,,,Yes,,,,No,,,,,,,,,,
,Lunaria (Brassicaceae),,,,Oilseed,,+,,+,,,+,,,+,,,,,,Yes,,,,No,,,,,,,,,,
,"Meadowfoam
(Limnanthaceae)",,,,Oilseed,,+,,+,,,+,,,+ Osmia,,,,,,Yes,,,,No,,,,,,,,,,
,Milkweed (Asclepiadaceae),,,,Oilseed,,+,,+,,,+,,,+,,,,,,Yes,,,,No,,,,,,,,,,
,"Niger seed
(Asteraceae)",,,,Oilseed,,+,,+,,,+,,,+,,,,,,Yes,,,,No,,,,,,,,,,
,Oil radish (Brassicaceae),,,,Oilseed,,+,,+,,,+,,,+,,,,,,Yes,,,,No,,,,,,,,,,
,Rose hip (Rosaceae),,,,Oilseed,,+,,+,,,+,,,+,,,,,,Yes,,,,No,,,,,,,,,,
,"Stokes aster
(Asteraceae)",,,,Oilseed,,+,,+,,,+,,,+,,,,,,Yes,,,,No,,,,,,,,,,
,"Stokes aster (sweet rocket)
(Brassicaceae)",,,,Oilseed,,+,,+,,,+,,,+,,,,,,Yes,,,,No,,,,,,,,,,
,Tallowwood (Olacaceae),,,,Oilseed,,+,,+,,,+,,,+,,,,,,Yes,,,,No,,,,,,,,,,
,Veronia (Asteraceae),,,,Oilseed,,+,,+,,,+,,,+,,,,,,Yes,,,,No,,,,,,,,,,
,"Tea oil plant
(Theaceae)",,,,Oilseed,,+,,+,,,+,,,+,,,,,,Yes,,,,No,,,,,,,,,,